
-- curso

INSERT INTO `curso`(`idcurso`, `nombre`, `anio`) VALUES (1, 'Economico', '4');
INSERT INTO `curso`(`idcurso`, `nombre`, `anio`) VALUES (2, 'Biologico', '4');
INSERT INTO `curso`(`idcurso`, `nombre`, `anio`) VALUES (3, 'Economico', '5');
INSERT INTO `curso`(`idcurso`, `nombre`, `anio`) VALUES (4, 'Biologico', '5');
INSERT INTO `curso`(`idcurso`, `nombre`, `anio`) VALUES (5, 'Economico', '6');
INSERT INTO `curso`(`idcurso`, `nombre`, `anio`) VALUES (6, 'Biologico', '6');


-- Insert para 4° biologico 2018
-- alumno
INSERT INTO alumno (apellido,nombre,fechaNacimiento,dni,direccion,email,lugarNacimiento) VALUES ('Aleman','Gerónimo','2003-02-22','44341495','314 nº 3468','','Realicó');
INSERT INTO alumno (apellido,nombre,fechaNacimiento,dni,direccion,email,lugarNacimiento) VALUES ('Allara','Augusto Joaquín','2003-05-29','44720063','14 nº 1775','','Gral. Pico');
INSERT INTO alumno (apellido,nombre,fechaNacimiento,dni,direccion,email,lugarNacimiento) VALUES ('Antunez','Julieta','2002-08-05','44119854','302 nº 943','','Gral. Pico');
INSERT INTO alumno (apellido,nombre,fechaNacimiento,dni,direccion,email,lugarNacimiento) VALUES ('Barbera','Julián','2002-12-10','44341771','Av. San Martín 683','','Gral. Pico');
INSERT INTO alumno (apellido,nombre,fechaNacimiento,dni,direccion,email,lugarNacimiento) VALUES ('Boga Doyhenard','Santino','2002-07-08','44119042','403 nº 1337','','Gral. Pico');
INSERT INTO alumno (apellido,nombre,fechaNacimiento,dni,direccion,email,lugarNacimiento) VALUES ('Bricco','Hernán Leonel','2002-07-10','44119004','33 nº 1123','','Gral. Pico');
INSERT INTO alumno (apellido,nombre,fechaNacimiento,dni,direccion,email,lugarNacimiento) VALUES ('Cairola','Santino','2002-08-20','44119845','16 bis nº 668 (n)','','Gral. Pico');
INSERT INTO alumno (apellido,nombre,fechaNacimiento,dni,direccion,email,lugarNacimiento) VALUES ('Calvo Ambrosino','Catalina','2002-12-12','44341772','20 (N) n°910','','Gral. Pico');
INSERT INTO alumno (apellido,nombre,fechaNacimiento,dni,direccion,email,lugarNacimiento) VALUES ('Esteban','Octavio','2003-03-14','44007247','39 nº 282','','Gral. Pico');
INSERT INTO alumno (apellido,nombre,fechaNacimiento,dni,direccion,email,lugarNacimiento) VALUES ('Ferreyra Ortiz De Urbina','Juana','2003-04-07','44760321','14 nº 970(n)','','Capital Federal');
INSERT INTO alumno (apellido,nombre,fechaNacimiento,dni,direccion,email,lugarNacimiento) VALUES ('Gallo Paronzini','Delfina','2003-06-20','44806197','16 bis n° 665(N)','','Gral. Pico');
INSERT INTO alumno (apellido,nombre,fechaNacimiento,dni,direccion,email,lugarNacimiento) VALUES ('Gentili','Lucía','2002-10-16','44120289','20 n° 617(N)','','Gral. Pico');
INSERT INTO alumno (apellido,nombre,fechaNacimiento,dni,direccion,email,lugarNacimiento) VALUES ('Giganti','Lorenzo','2003-05-07','44871870','4 nº 637','','Cap. Federal');
INSERT INTO alumno (apellido,nombre,fechaNacimiento,dni,direccion,email,lugarNacimiento) VALUES ('Gonzalo','Candela','2002-11-19','44341707','108 n° 136(N)','','Gral. Pico');
INSERT INTO alumno (apellido,nombre,fechaNacimiento,dni,direccion,email,lugarNacimiento) VALUES ('Hector','Catalina Belén','2003-02-24','44633191','7 nº 1131','','Gral. Pico');
INSERT INTO alumno (apellido,nombre,fechaNacimiento,dni,direccion,email,lugarNacimiento) VALUES ('Kunz','Camila','2002-09-10','44119876','11 nº 520','','Gral. Pico');
INSERT INTO alumno (apellido,nombre,fechaNacimiento,dni,direccion,email,lugarNacimiento) VALUES ('Miege','Tomás','2002-08-09','44119087','16 nº 526(n)','','Gral. Pico');
INSERT INTO alumno (apellido,nombre,fechaNacimiento,dni,direccion,email,lugarNacimiento) VALUES ('Montero','Tomás','2002-08-02','44119056','17 nº 1635','','Gral. Pico');
INSERT INTO alumno (apellido,nombre,fechaNacimiento,dni,direccion,email,lugarNacimiento) VALUES ('Ocampos','Melina Celeste','2003-04-23','45030519','11 nº 1635','','Merlo (Bs. As)');
INSERT INTO alumno (apellido,nombre,fechaNacimiento,dni,direccion,email,lugarNacimiento) VALUES ('Ramirez Arias','Trinidad','2002-09-24','44120229','27 nº 376','','Gral. Pico');
INSERT INTO alumno (apellido,nombre,fechaNacimiento,dni,direccion,email,lugarNacimiento) VALUES ('Sain','Román Bautista','2002-12-26','44342242','331 bis nº 365','','Gral. Pico');
INSERT INTO alumno (apellido,nombre,fechaNacimiento,dni,direccion,email,lugarNacimiento) VALUES ('Seibel','Santino Irineo','2003-04-15','44680294','411 nº 1831','','Gral. Pico');
INSERT INTO alumno (apellido,nombre,fechaNacimiento,dni,direccion,email,lugarNacimiento) VALUES ('Suarez','Felipe','2002-02-24','44119840','302 nº 767','','Gral. Pico');
INSERT INTO alumno (apellido,nombre,fechaNacimiento,dni,direccion,email,lugarNacimiento) VALUES ('Tobal','Victoria','2002-09-04','44119880','125 nº 918','','Gral. Pico');
INSERT INTO alumno (apellido,nombre,fechaNacimiento,dni,direccion,email,lugarNacimiento) VALUES ('Vanderhoeven Exner','Valentina A.','2003-05-15','44720016','53 nº 925','','Gral. Pico');
INSERT INTO alumno (apellido,nombre,fechaNacimiento,dni,direccion,email,lugarNacimiento) VALUES ('Villa','Joaquín Ignacio','2003-05-06','44680289','302 bis nº 545','','Gral. Pico');
INSERT INTO alumno (apellido,nombre,fechaNacimiento,dni,direccion,email,lugarNacimiento) VALUES ('Villabrille','Matías','2003-03-05','44633228','108 bis nº 345(N)','','Gral. Pico');

-- alumnoxcurso
INSERT INTO alumnoxcurso (alumno_dni,curso_idcurso,anio) VALUES ('44341495','3','2018');
INSERT INTO alumnoxcurso (alumno_dni,curso_idcurso,anio) VALUES ('44720063','3','2018');
INSERT INTO alumnoxcurso (alumno_dni,curso_idcurso,anio) VALUES ('44119854','3','2018');
INSERT INTO alumnoxcurso (alumno_dni,curso_idcurso,anio) VALUES ('44341771','3','2018');
INSERT INTO alumnoxcurso (alumno_dni,curso_idcurso,anio) VALUES ('44119042','3','2018');
INSERT INTO alumnoxcurso (alumno_dni,curso_idcurso,anio) VALUES ('44119004','3','2018');
INSERT INTO alumnoxcurso (alumno_dni,curso_idcurso,anio) VALUES ('44119845','3','2018');
INSERT INTO alumnoxcurso (alumno_dni,curso_idcurso,anio) VALUES ('44341772','3','2018');
INSERT INTO alumnoxcurso (alumno_dni,curso_idcurso,anio) VALUES ('44007247','3','2018');
INSERT INTO alumnoxcurso (alumno_dni,curso_idcurso,anio) VALUES ('44760321','3','2018');
INSERT INTO alumnoxcurso (alumno_dni,curso_idcurso,anio) VALUES ('44806197','3','2018');
INSERT INTO alumnoxcurso (alumno_dni,curso_idcurso,anio) VALUES ('44120289','3','2018');
INSERT INTO alumnoxcurso (alumno_dni,curso_idcurso,anio) VALUES ('44871870','3','2018');
INSERT INTO alumnoxcurso (alumno_dni,curso_idcurso,anio) VALUES ('44341707','3','2018');
INSERT INTO alumnoxcurso (alumno_dni,curso_idcurso,anio) VALUES ('44633191','3','2018');
INSERT INTO alumnoxcurso (alumno_dni,curso_idcurso,anio) VALUES ('44119876','3','2018');
INSERT INTO alumnoxcurso (alumno_dni,curso_idcurso,anio) VALUES ('44119087','3','2018');
INSERT INTO alumnoxcurso (alumno_dni,curso_idcurso,anio) VALUES ('44119056','3','2018');
INSERT INTO alumnoxcurso (alumno_dni,curso_idcurso,anio) VALUES ('45030519','3','2018');
INSERT INTO alumnoxcurso (alumno_dni,curso_idcurso,anio) VALUES ('44120229','3','2018');
INSERT INTO alumnoxcurso (alumno_dni,curso_idcurso,anio) VALUES ('44342242','3','2018');
INSERT INTO alumnoxcurso (alumno_dni,curso_idcurso,anio) VALUES ('44680294','3','2018');
INSERT INTO alumnoxcurso (alumno_dni,curso_idcurso,anio) VALUES ('44119840','3','2018');
INSERT INTO alumnoxcurso (alumno_dni,curso_idcurso,anio) VALUES ('44119880','3','2018');
INSERT INTO alumnoxcurso (alumno_dni,curso_idcurso,anio) VALUES ('44720016','3','2018');
INSERT INTO alumnoxcurso (alumno_dni,curso_idcurso,anio) VALUES ('44680289','3','2018');
INSERT INTO alumnoxcurso (alumno_dni,curso_idcurso,anio) VALUES ('44633228','3','2018');

-- Insert para 4° biologico 2018
-- alumno
INSERT INTO alumno (apellido,nombre,fechaNacimiento,dni,direccion,email,lugarNacimiento) VALUES ('Alison','Joaquín Gaspar','2003-03-16','44633258','6 bis nº 975(n)','','Gral. Pico');
INSERT INTO alumno (apellido,nombre,fechaNacimiento,dni,direccion,email,lugarNacimiento) VALUES ('Barbeito','Trinidad','2003-03-29','44633287','32 n° 116','','Gral Pico');
INSERT INTO alumno (apellido,nombre,fechaNacimiento,dni,direccion,email,lugarNacimiento) VALUES ('Baudino','Juan Ignacio','2002-08-07','44119072','11 nº 131(o)','','Gral. Pico');
INSERT INTO alumno (apellido,nombre,fechaNacimiento,dni,direccion,email,lugarNacimiento) VALUES ('Bruno','Sol Lizet','2002-09-10','44119899','9 nº 326','','Gral. Pico');
INSERT INTO alumno (apellido,nombre,fechaNacimiento,dni,direccion,email,lugarNacimiento) VALUES ('Cerutti','Joaquín','2002-12-09','44342351','115 n° 575','','Gral. Pico');
INSERT INTO alumno (apellido,nombre,fechaNacimiento,dni,direccion,email,lugarNacimiento) VALUES ('Esquivel','Valentino','2002-09-25','44103958','260  nº 556','','Gualeguay Entre Ríos');
INSERT INTO alumno (apellido,nombre,fechaNacimiento,dni,direccion,email,lugarNacimiento) VALUES ('Favaro','Francisco Joaquín','2003-02-17','44342888','38 nº 596','','Gral. Pico');
INSERT INTO alumno (apellido,nombre,fechaNacimiento,dni,direccion,email,lugarNacimiento) VALUES ('Fredes','Nicolás','2003-03-13','44633241','34 n° 255(N)','','Gral. Pico');
INSERT INTO alumno (apellido,nombre,fechaNacimiento,dni,direccion,email,lugarNacimiento) VALUES ('Ghione','Romanela','2003-02-10','44342875','31 nº 396 (o)','','Gral. Pico');
INSERT INTO alumno (apellido,nombre,fechaNacimiento,dni,direccion,email,lugarNacimiento) VALUES ('Isaguirre','Pilar','2002-08-20','43700131','101 n º 559','','Gral. Pico');
INSERT INTO alumno (apellido,nombre,fechaNacimiento,dni,direccion,email,lugarNacimiento) VALUES ('Linares','Benjamín','2002-11-05','44633253','111 nº845','','Bahía Blanca');
INSERT INTO alumno (apellido,nombre,fechaNacimiento,dni,direccion,email,lugarNacimiento) VALUES ('Martinez','Dante','2003-02-12','44342872','17 nº 378(o)','','Gral. Pico');
INSERT INTO alumno (apellido,nombre,fechaNacimiento,dni,direccion,email,lugarNacimiento) VALUES ('Montero','Celeste Ivana','2002-12-03','44341794','103 bis nº 675(O)','','Gral. Pico');
INSERT INTO alumno (apellido,nombre,fechaNacimiento,dni,direccion,email,lugarNacimiento) VALUES ('Morales','Martina','2003-03-22','44720158','10 bis nº 514 (N)','','Santa Rosa');
INSERT INTO alumno (apellido,nombre,fechaNacimiento,dni,direccion,email,lugarNacimiento) VALUES ('Moran','Sol Nerina','2002-07-10','44119017','329 nº 44','','Gral. Pico');
INSERT INTO alumno (apellido,nombre,fechaNacimiento,dni,direccion,email,lugarNacimiento) VALUES ('Muñoz','Milena Julieta','2002-08-26','44119832',' 20 nº 687(N)','','Gral. Pico');
INSERT INTO alumno (apellido,nombre,fechaNacimiento,dni,direccion,email,lugarNacimiento) VALUES ('Nabhen','Dolores','2003-01-25','44342795','10 nº 1755','','Gral. Pico');
INSERT INTO alumno (apellido,nombre,fechaNacimiento,dni,direccion,email,lugarNacimiento) VALUES ('Oderiz Gallinger','Quirina','2003-06-11','44806195','318 nº 3285','','Gral. Pico');
INSERT INTO alumno (apellido,nombre,fechaNacimiento,dni,direccion,email,lugarNacimiento) VALUES ('Otero','Clara Mariel Haydee','2003-02-06','44342870','38 nº 1166','','Gral. Pico');
INSERT INTO alumno (apellido,nombre,fechaNacimiento,dni,direccion,email,lugarNacimiento) VALUES ('Robla','Valentín Oscar','2003-04-19','44680251','13 nº 750(0)','','Gral. Pico');
INSERT INTO alumno (apellido,nombre,fechaNacimiento,dni,direccion,email,lugarNacimiento) VALUES ('Rusconi','Antonella ','2002-09-02','44119850','113 nº 1044','','Gral. Pico');
INSERT INTO alumno (apellido,nombre,fechaNacimiento,dni,direccion,email,lugarNacimiento) VALUES ('Sanchez','Juana','2002-07-19','44261719','25 nº 1055','','Cap. Federal');
INSERT INTO alumno (apellido,nombre,fechaNacimiento,dni,direccion,email,lugarNacimiento) VALUES ('Schwerdt','Lourdes','2002-11-08','44453160','3 nº 1157','','Azul(Bs As)');
INSERT INTO alumno (apellido,nombre,fechaNacimiento,dni,direccion,email,lugarNacimiento) VALUES ('Soler','Tiago','2003-04-30','44680298','10 nº 708(n)','','Gral. Pico');
INSERT INTO alumno (apellido,nombre,fechaNacimiento,dni,direccion,email,lugarNacimiento) VALUES ('Torales Witt','Juan Bautista','2002-08-19','44119835','18 nº 1065(n)','','Gral. Pico');
INSERT INTO alumno (apellido,nombre,fechaNacimiento,dni,direccion,email,lugarNacimiento) VALUES ('Torres','Joaquín','2002-08-27','44119836','310 nº 3676','','Gral. Pico');
INSERT INTO alumno (apellido,nombre,fechaNacimiento,dni,direccion,email,lugarNacimiento) VALUES ('Vazquez Martinez','Candela','2002-09-23','44120222','14 nº 495(n)','','Gral. Pico');
INSERT INTO alumno (apellido,nombre,fechaNacimiento,dni,direccion,email,lugarNacimiento) VALUES ('Vera Hartfiel','Juan Francisco','2002-07-10','44119007','24 bis nº 750(N)','','Gral. Pico');
INSERT INTO alumno (apellido,nombre,fechaNacimiento,dni,direccion,email,lugarNacimiento) VALUES ('Vicente','Candela','2003-05-14','44720013','35 nº 1146','','Gral. Pico');
INSERT INTO alumno (apellido,nombre,fechaNacimiento,dni,direccion,email,lugarNacimiento) VALUES ('Villa','Emilia','2003-10-07','44120262','13 nº 68','','Gral. Pico');

-- alumnoxcurso
INSERT INTO alumnoxcurso (alumno_dni,curso_idcurso,anio) VALUES ('44633258','2','2018');
INSERT INTO alumnoxcurso (alumno_dni,curso_idcurso,anio) VALUES ('44633287','2','2018');
INSERT INTO alumnoxcurso (alumno_dni,curso_idcurso,anio) VALUES ('44119072','2','2018');
INSERT INTO alumnoxcurso (alumno_dni,curso_idcurso,anio) VALUES ('44119899','2','2018');
INSERT INTO alumnoxcurso (alumno_dni,curso_idcurso,anio) VALUES ('44342351','2','2018');
INSERT INTO alumnoxcurso (alumno_dni,curso_idcurso,anio) VALUES ('44103958','2','2018');
INSERT INTO alumnoxcurso (alumno_dni,curso_idcurso,anio) VALUES ('44342888','2','2018');
INSERT INTO alumnoxcurso (alumno_dni,curso_idcurso,anio) VALUES ('44633241','2','2018');
INSERT INTO alumnoxcurso (alumno_dni,curso_idcurso,anio) VALUES ('44342875','2','2018');
INSERT INTO alumnoxcurso (alumno_dni,curso_idcurso,anio) VALUES ('43700131','2','2018');
INSERT INTO alumnoxcurso (alumno_dni,curso_idcurso,anio) VALUES ('44633253','2','2018');
INSERT INTO alumnoxcurso (alumno_dni,curso_idcurso,anio) VALUES ('44342872','2','2018');
INSERT INTO alumnoxcurso (alumno_dni,curso_idcurso,anio) VALUES ('44341794','2','2018');
INSERT INTO alumnoxcurso (alumno_dni,curso_idcurso,anio) VALUES ('44720158','2','2018');
INSERT INTO alumnoxcurso (alumno_dni,curso_idcurso,anio) VALUES ('44119017','2','2018');
INSERT INTO alumnoxcurso (alumno_dni,curso_idcurso,anio) VALUES ('44119832','2','2018');
INSERT INTO alumnoxcurso (alumno_dni,curso_idcurso,anio) VALUES ('44342795','2','2018');
INSERT INTO alumnoxcurso (alumno_dni,curso_idcurso,anio) VALUES ('44806195','2','2018');
INSERT INTO alumnoxcurso (alumno_dni,curso_idcurso,anio) VALUES ('44342870','2','2018');
INSERT INTO alumnoxcurso (alumno_dni,curso_idcurso,anio) VALUES ('44680251','2','2018');
INSERT INTO alumnoxcurso (alumno_dni,curso_idcurso,anio) VALUES ('44119850','2','2018');
INSERT INTO alumnoxcurso (alumno_dni,curso_idcurso,anio) VALUES ('44261719','2','2018');
INSERT INTO alumnoxcurso (alumno_dni,curso_idcurso,anio) VALUES ('44453160','2','2018');
INSERT INTO alumnoxcurso (alumno_dni,curso_idcurso,anio) VALUES ('44680298','2','2018');
INSERT INTO alumnoxcurso (alumno_dni,curso_idcurso,anio) VALUES ('44119835','2','2018');
INSERT INTO alumnoxcurso (alumno_dni,curso_idcurso,anio) VALUES ('44119836','2','2018');
INSERT INTO alumnoxcurso (alumno_dni,curso_idcurso,anio) VALUES ('44120222','2','2018');
INSERT INTO alumnoxcurso (alumno_dni,curso_idcurso,anio) VALUES ('44119007','2','2018');
INSERT INTO alumnoxcurso (alumno_dni,curso_idcurso,anio) VALUES ('44720013','2','2018');
INSERT INTO alumnoxcurso (alumno_dni,curso_idcurso,anio) VALUES ('44120262','2','2018');


-- Insert para 5° Economico 2018

-- alumno
INSERT INTO alumno (apellido,nombre,fechaNacimiento,dni,direccion,email,lugarNacimiento) VALUES ('Aguilar Siage','Franco ','1998-09-17','41416765','500 - 1821','','General Pico');
INSERT INTO alumno (apellido,nombre,fechaNacimiento,dni,direccion,email,lugarNacimiento) VALUES ('Almaraz','Zoe','2002-02-08','43699934','500 BIS - 1568','','General Pico');
INSERT INTO alumno (apellido,nombre,fechaNacimiento,dni,direccion,email,lugarNacimiento) VALUES ('Alvarez Carosio','Tomás Antonio','2001-10-05','43542348','7  -  1029','','General Pico');
INSERT INTO alumno (apellido,nombre,fechaNacimiento,dni,direccion,email,lugarNacimiento) VALUES ('Bajo','Gonzalo Tomás','2001-10-11','43542363','103 BIS - 655  O','','General Pico');
INSERT INTO alumno (apellido,nombre,fechaNacimiento,dni,direccion,email,lugarNacimiento) VALUES ('Balent','Catalina','2001-10-13','43542370','4  -  1841','','General Pico');
INSERT INTO alumno (apellido,nombre,fechaNacimiento,dni,direccion,email,lugarNacimiento) VALUES ('Barbera','Juan Salvador','2002-04-22','44007824','AV. S.M. - 1823','','General Pico');
INSERT INTO alumno (apellido,nombre,fechaNacimiento,dni,direccion,email,lugarNacimiento) VALUES ('Bertone','Luisa','2001-07-01','43415884','20 - 1004','','General Pico');
INSERT INTO alumno (apellido,nombre,fechaNacimiento,dni,direccion,email,lugarNacimiento) VALUES ('Cinelli','Nicolás Ángel ','2001-05-10','42016977','AV. S.M. - 2590','','General Pico');
INSERT INTO alumno (apellido,nombre,fechaNacimiento,dni,direccion,email,lugarNacimiento) VALUES ('Cismondi','Paulina','2001-11-09','43542707','26  -  932','','General Pico');
INSERT INTO alumno (apellido,nombre,fechaNacimiento,dni,direccion,email,lugarNacimiento) VALUES ('Cofré','Agustín','2001-08-28','43483800','29 BIS - 2065','','General Pico');
INSERT INTO alumno (apellido,nombre,fechaNacimiento,dni,direccion,email,lugarNacimiento) VALUES ('Corrales','Mariana Luz','2001-08-15','43483773','304  -  570','','General Pico');
INSERT INTO alumno (apellido,nombre,fechaNacimiento,dni,direccion,email,lugarNacimiento) VALUES ('Figlioli','Valentina','2002-02-14','43699950','38  -  1186','','General Pico');
INSERT INTO alumno (apellido,nombre,fechaNacimiento,dni,direccion,email,lugarNacimiento) VALUES ('Garcia Pascual','Facundo','2002-03-08','44007303','306  -  3235','','General Pico');
INSERT INTO alumno (apellido,nombre,fechaNacimiento,dni,direccion,email,lugarNacimiento) VALUES ('Gattino Gago','Fiorella','2002-01-16','43624164','101- 356    O','','General Pico');
INSERT INTO alumno (apellido,nombre,fechaNacimiento,dni,direccion,email,lugarNacimiento) VALUES ('Gautes','Juan Bautista','2002-06-10','44118702','113  esq. 22','','General Pico');
INSERT INTO alumno (apellido,nombre,fechaNacimiento,dni,direccion,email,lugarNacimiento) VALUES ('Gnocchi Vital','Simón','2002-05-21','44007889','9 - 1156 DPTO 1','','General Pico');
INSERT INTO alumno (apellido,nombre,fechaNacimiento,dni,direccion,email,lugarNacimiento) VALUES ('Granada Braghini','Nehuen Cristobal','2002-05-29','44118653','48  -  286','','General Pico');
INSERT INTO alumno (apellido,nombre,fechaNacimiento,dni,direccion,email,lugarNacimiento) VALUES ('Heck','Valentina ','2002-04-11','44007397','29 BIS - 1954','','General Pico');
INSERT INTO alumno (apellido,nombre,fechaNacimiento,dni,direccion,email,lugarNacimiento) VALUES ('Herrera Lopez','Lola','2001-08-08','43483761','43  -  849','','General Pico');
INSERT INTO alumno (apellido,nombre,fechaNacimiento,dni,direccion,email,lugarNacimiento) VALUES ('Herrero','Martina','2001-02-22','43624097','102BIS E/101Y103','','General Pico');
INSERT INTO alumno (apellido,nombre,fechaNacimiento,dni,direccion,email,lugarNacimiento) VALUES ('Knaus','Genaro','2002-04-30','44151834','CARDENAL 350','','Parana. E.R.');
INSERT INTO alumno (apellido,nombre,fechaNacimiento,dni,direccion,email,lugarNacimiento) VALUES ('Kunz','Celeste','2001-08-10','43483748','11 - 520','','General Pico');
INSERT INTO alumno (apellido,nombre,fechaNacimiento,dni,direccion,email,lugarNacimiento) VALUES ('Lovan','Valentina    ','2001-01-13','43150115','430 - 105','','');
INSERT INTO alumno (apellido,nombre,fechaNacimiento,dni,direccion,email,lugarNacimiento) VALUES ('Montero','Agostina','2001-10-31','43542686','39 - 1150','','General Pico');
INSERT INTO alumno (apellido,nombre,fechaNacimiento,dni,direccion,email,lugarNacimiento) VALUES ('Morello','Mateo','2002-05-09','44007861','109 E/14Y16','','General Pico');
INSERT INTO alumno (apellido,nombre,fechaNacimiento,dni,direccion,email,lugarNacimiento) VALUES ('Nesteruk','Rosario ','2001-05-26','43483457','313  -  4','','General Pico');
INSERT INTO alumno (apellido,nombre,fechaNacimiento,dni,direccion,email,lugarNacimiento) VALUES ('Pascual','Fernando ','2001-12-20','43624079','20  -  421','','General Pico');
INSERT INTO alumno (apellido,nombre,fechaNacimiento,dni,direccion,email,lugarNacimiento) VALUES ('Pussacq','Marina Grazia','2002-01-04','43624110','109- 1168','','General Pico');
INSERT INTO alumno (apellido,nombre,fechaNacimiento,dni,direccion,email,lugarNacimiento) VALUES ('Radicci','Karen','2001-11-03','43729388','11 -936','','Buenos Aires ');
INSERT INTO alumno (apellido,nombre,fechaNacimiento,dni,direccion,email,lugarNacimiento) VALUES ('Remirez','Sofía Anahí','2002-05-10','44118781','112 - 38','','Realicó');
INSERT INTO alumno (apellido,nombre,fechaNacimiento,dni,direccion,email,lugarNacimiento) VALUES ('Ricca','Sofía','2001-07-30','43483723','29- 384','','General Pico');
INSERT INTO alumno (apellido,nombre,fechaNacimiento,dni,direccion,email,lugarNacimiento) VALUES ('Robledo','Ana Clara','2001-07-25','43483760','RUTA 1 - 1636','','General Pico');
INSERT INTO alumno (apellido,nombre,fechaNacimiento,dni,direccion,email,lugarNacimiento) VALUES ('Rossi Iglesias','Albaro Elian','2002-01-28','43699936','102 - 1185','','General Pico');

-- alumnoxcurso

INSERT INTO alumnoxcurso (alumno_dni,curso_idcurso,anio) VALUES ('41416765','3','2018');
INSERT INTO alumnoxcurso (alumno_dni,curso_idcurso,anio) VALUES ('43699934','3','2018');
INSERT INTO alumnoxcurso (alumno_dni,curso_idcurso,anio) VALUES ('43542348','3','2018');
INSERT INTO alumnoxcurso (alumno_dni,curso_idcurso,anio) VALUES ('43542363','3','2018');
INSERT INTO alumnoxcurso (alumno_dni,curso_idcurso,anio) VALUES ('43542370','3','2018');
INSERT INTO alumnoxcurso (alumno_dni,curso_idcurso,anio) VALUES ('44007824','3','2018');
INSERT INTO alumnoxcurso (alumno_dni,curso_idcurso,anio) VALUES ('43415884','3','2018');
INSERT INTO alumnoxcurso (alumno_dni,curso_idcurso,anio) VALUES ('42016977','3','2018');
INSERT INTO alumnoxcurso (alumno_dni,curso_idcurso,anio) VALUES ('43542707','3','2018');
INSERT INTO alumnoxcurso (alumno_dni,curso_idcurso,anio) VALUES ('43483800','3','2018');
INSERT INTO alumnoxcurso (alumno_dni,curso_idcurso,anio) VALUES ('43483773','3','2018');
INSERT INTO alumnoxcurso (alumno_dni,curso_idcurso,anio) VALUES ('43699950','3','2018');
INSERT INTO alumnoxcurso (alumno_dni,curso_idcurso,anio) VALUES ('44007303','3','2018');
INSERT INTO alumnoxcurso (alumno_dni,curso_idcurso,anio) VALUES ('43624164','3','2018');
INSERT INTO alumnoxcurso (alumno_dni,curso_idcurso,anio) VALUES ('44118702','3','2018');
INSERT INTO alumnoxcurso (alumno_dni,curso_idcurso,anio) VALUES ('44007889','3','2018');
INSERT INTO alumnoxcurso (alumno_dni,curso_idcurso,anio) VALUES ('44118653','3','2018');
INSERT INTO alumnoxcurso (alumno_dni,curso_idcurso,anio) VALUES ('44007397','3','2018');
INSERT INTO alumnoxcurso (alumno_dni,curso_idcurso,anio) VALUES ('43483761','3','2018');
INSERT INTO alumnoxcurso (alumno_dni,curso_idcurso,anio) VALUES ('43624097','3','2018');
INSERT INTO alumnoxcurso (alumno_dni,curso_idcurso,anio) VALUES ('44151834','3','2018');
INSERT INTO alumnoxcurso (alumno_dni,curso_idcurso,anio) VALUES ('43483748','3','2018');
INSERT INTO alumnoxcurso (alumno_dni,curso_idcurso,anio) VALUES ('43150115','3','2018');
INSERT INTO alumnoxcurso (alumno_dni,curso_idcurso,anio) VALUES ('43542686','3','2018');
INSERT INTO alumnoxcurso (alumno_dni,curso_idcurso,anio) VALUES ('44007861','3','2018');
INSERT INTO alumnoxcurso (alumno_dni,curso_idcurso,anio) VALUES ('43483457','3','2018');
INSERT INTO alumnoxcurso (alumno_dni,curso_idcurso,anio) VALUES ('43624079','3','2018');
INSERT INTO alumnoxcurso (alumno_dni,curso_idcurso,anio) VALUES ('43624110','3','2018');
INSERT INTO alumnoxcurso (alumno_dni,curso_idcurso,anio) VALUES ('43729388','3','2018');
INSERT INTO alumnoxcurso (alumno_dni,curso_idcurso,anio) VALUES ('44118781','3','2018');
INSERT INTO alumnoxcurso (alumno_dni,curso_idcurso,anio) VALUES ('43483723','3','2018');
INSERT INTO alumnoxcurso (alumno_dni,curso_idcurso,anio) VALUES ('43483760','3','2018');
INSERT INTO alumnoxcurso (alumno_dni,curso_idcurso,anio) VALUES ('43699936','3','2018');

-- Insert para 5° Biologico 2018
-- alumno
INSERT INTO alumno (apellido,nombre,fechaNacimiento,dni,direccion,email,lugarNacimiento) VALUES ('Alzamora Ianzito','Camila','2001-11-06','43542701','101 - 52','','Gral. Pico');
INSERT INTO alumno (apellido,nombre,fechaNacimiento,dni,direccion,email,lugarNacimiento) VALUES ('Arias','Gonzalo Tiago','2002-02-21','43928183','302 bis-571','','CABA');
INSERT INTO alumno (apellido,nombre,fechaNacimiento,dni,direccion,email,lugarNacimiento) VALUES ('Arisnabarreta','Martina','2000-09-04','43542129','24-565','','Gral. Pico');
INSERT INTO alumno (apellido,nombre,fechaNacimiento,dni,direccion,email,lugarNacimiento) VALUES ('Balduzzi','Gino','2001-12-18','43624066','17-54','','Gral. Pico');
INSERT INTO alumno (apellido,nombre,fechaNacimiento,dni,direccion,email,lugarNacimiento) VALUES ('Bessone Ruiz','Mateo','2001-07-25','43483799','302 BIS-579','','Gral. Pico');
INSERT INTO alumno (apellido,nombre,fechaNacimiento,dni,direccion,email,lugarNacimiento) VALUES ('Boles','Agustina','2002-02-21','43699975','117-750','','Gral. Pico');
INSERT INTO alumno (apellido,nombre,fechaNacimiento,dni,direccion,email,lugarNacimiento) VALUES ('Brignoli','Rocío','2001-07-19','43483711','38-475','','Santa Rosa');
INSERT INTO alumno (apellido,nombre,fechaNacimiento,dni,direccion,email,lugarNacimiento) VALUES ('Brunengo','Fátima Inés','2001-07-24','43483488','16-1215','','Gral. Pico');
INSERT INTO alumno (apellido,nombre,fechaNacimiento,dni,direccion,email,lugarNacimiento) VALUES ('Escudero','Laureano','2001-07-17','43483473','20-1683','','Gral. Pico');
INSERT INTO alumno (apellido,nombre,fechaNacimiento,dni,direccion,email,lugarNacimiento) VALUES ('Estrella Irrazabal','Juan Manuel','2002-01-07','43624137','16 BIS-619 NTE','','Gral. Pico');
INSERT INTO alumno (apellido,nombre,fechaNacimiento,dni,direccion,email,lugarNacimiento) VALUES ('Farías','Robertino Juan','2001-11-23','43542705','51-1315','','Gral. Pico');
INSERT INTO alumno (apellido,nombre,fechaNacimiento,dni,direccion,email,lugarNacimiento) VALUES ('Fernandez Madrid','Pedro','2002-02-01','43699942','16 N - 1416','','Necochea');
INSERT INTO alumno (apellido,nombre,fechaNacimiento,dni,direccion,email,lugarNacimiento) VALUES ('Frencia Witt','Delfina','2002-05-13','44007877','22-769 NTE','','Gral. Pico');
INSERT INTO alumno (apellido,nombre,fechaNacimiento,dni,direccion,email,lugarNacimiento) VALUES ('Giganti','Vicente','2001-10-02','43603423','4- 637','','Monte B. Cba');
INSERT INTO alumno (apellido,nombre,fechaNacimiento,dni,direccion,email,lugarNacimiento) VALUES ('Haedo','Lucía Yanela','2002-01-07','43624121','403-2026','','Gral. Pico');
INSERT INTO alumno (apellido,nombre,fechaNacimiento,dni,direccion,email,lugarNacimiento) VALUES ('Herlein','Santiago','2002-05-27','44166058','302-1221','','Trenquelauquen');
INSERT INTO alumno (apellido,nombre,fechaNacimiento,dni,direccion,email,lugarNacimiento) VALUES ('Ibarra Ramos','Franco','2001-12-28','43624092','327 bis- 124','','Gral. Pico');
INSERT INTO alumno (apellido,nombre,fechaNacimiento,dni,direccion,email,lugarNacimiento) VALUES ('Leguizamon Guzman','Rocío Belén','2002-06-07','44118670','18-1270 NTE','','Gral. Pico');
INSERT INTO alumno (apellido,nombre,fechaNacimiento,dni,direccion,email,lugarNacimiento) VALUES ('Mediza','Sebastián Omar','2001-01-12','43542372','13-2049','','Gral. Pico');
INSERT INTO alumno (apellido,nombre,fechaNacimiento,dni,direccion,email,lugarNacimiento) VALUES ('Miguel Forte','Camila','2002-05-06','43997209','Trisquelia','','Cordoba');
INSERT INTO alumno (apellido,nombre,fechaNacimiento,dni,direccion,email,lugarNacimiento) VALUES ('Pascual Dominguez','Lucía','2002-06-28','44199061','av. SM -345 nte','','Gral. Pico');
INSERT INTO alumno (apellido,nombre,fechaNacimiento,dni,direccion,email,lugarNacimiento) VALUES ('Passarini','Francisco Martín ','2001-12-06','43542777','305-66','','Gral. Pico');
INSERT INTO alumno (apellido,nombre,fechaNacimiento,dni,direccion,email,lugarNacimiento) VALUES ('Perez','Sofía Daira','2001-09-25','43542179','17BIS-1168 O','','Gral. Pico');
INSERT INTO alumno (apellido,nombre,fechaNacimiento,dni,direccion,email,lugarNacimiento) VALUES ('Portillo','Lola','2001-11-26','43542748','16BIS-375 N','','Gral. Pico');
INSERT INTO alumno (apellido,nombre,fechaNacimiento,dni,direccion,email,lugarNacimiento) VALUES ('Rattalino','Guadalupe','2002-03-06','43699995','14-256 N dto1','','Gral. Pico');
INSERT INTO alumno (apellido,nombre,fechaNacimiento,dni,direccion,email,lugarNacimiento) VALUES ('Rio','Stefanía','2002-01-21','43624181','25-853','','Gral. Pico');
INSERT INTO alumno (apellido,nombre,fechaNacimiento,dni,direccion,email,lugarNacimiento) VALUES ('Ripamonti','Tomás Agustín','2001-12-05','43542781','106-425','','Gral. Pico');
INSERT INTO alumno (apellido,nombre,fechaNacimiento,dni,direccion,email,lugarNacimiento) VALUES ('San Martin Miszczuk','Ludmila Micaela','2002-03-06','43699650','9-122','','Macachin ');
INSERT INTO alumno (apellido,nombre,fechaNacimiento,dni,direccion,email,lugarNacimiento) VALUES ('Soler','Iara','2001-08-03','43483726','10-708 NTE','','Gral. Pico');
INSERT INTO alumno (apellido,nombre,fechaNacimiento,dni,direccion,email,lugarNacimiento) VALUES ('Taverna Rojo','Manuel','2001-11-17','43542726','302-495','','Gral. Pico');
INSERT INTO alumno (apellido,nombre,fechaNacimiento,dni,direccion,email,lugarNacimiento) VALUES ('Tobal Benavidez','Emilia','2001-11-20','43542752','9-270','','Gral. Pico');
INSERT INTO alumno (apellido,nombre,fechaNacimiento,dni,direccion,email,lugarNacimiento) VALUES ('Torales','María De Los Ángeles','2001-12-22','43624075','121-635','','Gral. Pico');
INSERT INTO alumno (apellido,nombre,fechaNacimiento,dni,direccion,email,lugarNacimiento) VALUES ('Ursino','Camila','2002-04-30','44007841','av. SM-2388','','Gral. Pico');

-- alumnoxcurso
INSERT INTO alumnoxcurso (alumno_dni,curso_idcurso,anio) VALUES ('43542701','4','2018');
INSERT INTO alumnoxcurso (alumno_dni,curso_idcurso,anio) VALUES ('43928183','4','2018');
INSERT INTO alumnoxcurso (alumno_dni,curso_idcurso,anio) VALUES ('43542129','4','2018');
INSERT INTO alumnoxcurso (alumno_dni,curso_idcurso,anio) VALUES ('43624066','4','2018');
INSERT INTO alumnoxcurso (alumno_dni,curso_idcurso,anio) VALUES ('43483799','4','2018');
INSERT INTO alumnoxcurso (alumno_dni,curso_idcurso,anio) VALUES ('43699975','4','2018');
INSERT INTO alumnoxcurso (alumno_dni,curso_idcurso,anio) VALUES ('43483711','4','2018');
INSERT INTO alumnoxcurso (alumno_dni,curso_idcurso,anio) VALUES ('43483488','4','2018');
INSERT INTO alumnoxcurso (alumno_dni,curso_idcurso,anio) VALUES ('43483473','4','2018');
INSERT INTO alumnoxcurso (alumno_dni,curso_idcurso,anio) VALUES ('43624137','4','2018');
INSERT INTO alumnoxcurso (alumno_dni,curso_idcurso,anio) VALUES ('43542705','4','2018');
INSERT INTO alumnoxcurso (alumno_dni,curso_idcurso,anio) VALUES ('43699942','4','2018');
INSERT INTO alumnoxcurso (alumno_dni,curso_idcurso,anio) VALUES ('44007877','4','2018');
INSERT INTO alumnoxcurso (alumno_dni,curso_idcurso,anio) VALUES ('43603423','4','2018');
INSERT INTO alumnoxcurso (alumno_dni,curso_idcurso,anio) VALUES ('43624121','4','2018');
INSERT INTO alumnoxcurso (alumno_dni,curso_idcurso,anio) VALUES ('44166058','4','2018');
INSERT INTO alumnoxcurso (alumno_dni,curso_idcurso,anio) VALUES ('43624092','4','2018');
INSERT INTO alumnoxcurso (alumno_dni,curso_idcurso,anio) VALUES ('44118670','4','2018');
INSERT INTO alumnoxcurso (alumno_dni,curso_idcurso,anio) VALUES ('43542372','4','2018');
INSERT INTO alumnoxcurso (alumno_dni,curso_idcurso,anio) VALUES ('43997209','4','2018');
INSERT INTO alumnoxcurso (alumno_dni,curso_idcurso,anio) VALUES ('44199061','4','2018');
INSERT INTO alumnoxcurso (alumno_dni,curso_idcurso,anio) VALUES ('43542777','4','2018');
INSERT INTO alumnoxcurso (alumno_dni,curso_idcurso,anio) VALUES ('43542179','4','2018');
INSERT INTO alumnoxcurso (alumno_dni,curso_idcurso,anio) VALUES ('43542748','4','2018');
INSERT INTO alumnoxcurso (alumno_dni,curso_idcurso,anio) VALUES ('43699995','4','2018');
INSERT INTO alumnoxcurso (alumno_dni,curso_idcurso,anio) VALUES ('43624181','4','2018');
INSERT INTO alumnoxcurso (alumno_dni,curso_idcurso,anio) VALUES ('43542781','4','2018');
INSERT INTO alumnoxcurso (alumno_dni,curso_idcurso,anio) VALUES ('43699650','4','2018');
INSERT INTO alumnoxcurso (alumno_dni,curso_idcurso,anio) VALUES ('43483726','4','2018');
INSERT INTO alumnoxcurso (alumno_dni,curso_idcurso,anio) VALUES ('43542726','4','2018');
INSERT INTO alumnoxcurso (alumno_dni,curso_idcurso,anio) VALUES ('43542752','4','2018');
INSERT INTO alumnoxcurso (alumno_dni,curso_idcurso,anio) VALUES ('43624075','4','2018');
INSERT INTO alumnoxcurso (alumno_dni,curso_idcurso,anio) VALUES ('44007841','4','2018');


-- Insert para 6° Economico 2018
-- alumno
INSERT INTO alumno (apellido,nombre,fechaNacimiento,dni,direccion,email,lugarNacimiento) VALUES ('Allara','Bautista Román','2000-11-07','43069514','14 Nº 1775','','Argentina');
INSERT INTO alumno (apellido,nombre,fechaNacimiento,dni,direccion,email,lugarNacimiento) VALUES ('Anconetani Picca','Lucio','2001-03-27','43299498','310 Nº 3390','','Argentina');
INSERT INTO alumno (apellido,nombre,fechaNacimiento,dni,direccion,email,lugarNacimiento) VALUES ('Bardín','Juana','2000-10-05','42952061','11 Nº 1240','','Argentina');
INSERT INTO alumno (apellido,nombre,fechaNacimiento,dni,direccion,email,lugarNacimiento) VALUES ('Becher','Francisco Valentín ','2001-03-15','43299438','329 Nº 335','','Argentina');
INSERT INTO alumno (apellido,nombre,fechaNacimiento,dni,direccion,email,lugarNacimiento) VALUES ('Brindesi','María Josefina','2000-11-28','43069571','115 Nº 1011','','Argentina');
INSERT INTO alumno (apellido,nombre,fechaNacimiento,dni,direccion,email,lugarNacimiento) VALUES ('Castaño','Margarita Pía','2000-11-09','43069504','24 Nº 433','','Argentina');
INSERT INTO alumno (apellido,nombre,fechaNacimiento,dni,direccion,email,lugarNacimiento) VALUES ('Ceccheto Aguirre','Ramiro','2000-11-28','43069929','14 Nº 1746','','Argentina');
INSERT INTO alumno (apellido,nombre,fechaNacimiento,dni,direccion,email,lugarNacimiento) VALUES ('Diaz Lacava','Ignacio','2001-03-06','43271206','18 Nº 334','','Argentina');
INSERT INTO alumno (apellido,nombre,fechaNacimiento,dni,direccion,email,lugarNacimiento) VALUES ('Gaiottino','Valentina','2001-01-08','43116811','108 Nº 166','','Argentina');
INSERT INTO alumno (apellido,nombre,fechaNacimiento,dni,direccion,email,lugarNacimiento) VALUES ('Gomez','Victoria','2000-03-23','42335337','CALLE 20 Nº884 ','','Argentina');
INSERT INTO alumno (apellido,nombre,fechaNacimiento,dni,direccion,email,lugarNacimiento) VALUES ('Ibañez','Juan Ignacio','2001-03-03','43150149','18 Nº 940','','Argentina');
INSERT INTO alumno (apellido,nombre,fechaNacimiento,dni,direccion,email,lugarNacimiento) VALUES ('Isaguirre','Florencia','2000-07-14','42699381','101 Nº 559','','Argentina');
INSERT INTO alumno (apellido,nombre,fechaNacimiento,dni,direccion,email,lugarNacimiento) VALUES ('Itrat Herrera','Guillermina','2000-07-07','42699176','53 Nº 1130','','Argentina');
INSERT INTO alumno (apellido,nombre,fechaNacimiento,dni,direccion,email,lugarNacimiento) VALUES ('Pacheco Moreno','Eliseo','2000-08-08','42798982','33 Nº 1104','','Argentina');
INSERT INTO alumno (apellido,nombre,fechaNacimiento,dni,direccion,email,lugarNacimiento) VALUES ('Paire','Federico','2000-05-23','42584063','106Nº 757','','Argentina');
INSERT INTO alumno (apellido,nombre,fechaNacimiento,dni,direccion,email,lugarNacimiento) VALUES ('Pariani','Gino Andrés ','2001-03-22','43299447','302 bis Nº 694','','Argentina');
INSERT INTO alumno (apellido,nombre,fechaNacimiento,dni,direccion,email,lugarNacimiento) VALUES ('Pascual','Santiago','2000-07-10','42798909','Av San martín e 105 y 107 ','','Argentina');
INSERT INTO alumno (apellido,nombre,fechaNacimiento,dni,direccion,email,lugarNacimiento) VALUES ('Perez Cepeda','Rocío Berenice','2000-07-22','42798993','31 Nº 214','','Argentina');
INSERT INTO alumno (apellido,nombre,fechaNacimiento,dni,direccion,email,lugarNacimiento) VALUES ('Reyes Humberto','Lola Agostina','2001-06-22','43415869','24 e 5 y 7','','Argentina');
INSERT INTO alumno (apellido,nombre,fechaNacimiento,dni,direccion,email,lugarNacimiento) VALUES ('Rodriguez','Morena Azul','2000-07-07','42699186','311 Nº 165','','Argentina');
INSERT INTO alumno (apellido,nombre,fechaNacimiento,dni,direccion,email,lugarNacimiento) VALUES ('Rossoto','Gimena','2000-09-14','42915630','35 Nº 430','','Argentina');
INSERT INTO alumno (apellido,nombre,fechaNacimiento,dni,direccion,email,lugarNacimiento) VALUES ('Ruiz Prado','Lourdes','2001-02-16','43150148','30 Nº 676','','Argentina');
INSERT INTO alumno (apellido,nombre,fechaNacimiento,dni,direccion,email,lugarNacimiento) VALUES ('Saez Cavia','Jerónimo','2000-07-31','42720663','19 Nº 280','','Argentina');
INSERT INTO alumno (apellido,nombre,fechaNacimiento,dni,direccion,email,lugarNacimiento) VALUES ('Salvetti Impaglione','Stefanía','2000-09-01','42915608','8 Nº 1898','','Argentina');
INSERT INTO alumno (apellido,nombre,fechaNacimiento,dni,direccion,email,lugarNacimiento) VALUES ('Valdivieso','Agustina','2000-11-04','42968190','113 Nº 550','','Argentina');
INSERT INTO alumno (apellido,nombre,fechaNacimiento,dni,direccion,email,lugarNacimiento) VALUES ('Vidales Ollo','Fermín A.','2000-09-13','42915812','22 Nº 270','','Argentina');

-- alumnoxcurso
INSERT INTO alumnoxcurso (alumno_dni,curso_idcurso,anio) VALUES ('43069514','5','2018');
INSERT INTO alumnoxcurso (alumno_dni,curso_idcurso,anio) VALUES ('43299498','5','2018');
INSERT INTO alumnoxcurso (alumno_dni,curso_idcurso,anio) VALUES ('42952061','5','2018');
INSERT INTO alumnoxcurso (alumno_dni,curso_idcurso,anio) VALUES ('43299438','5','2018');
INSERT INTO alumnoxcurso (alumno_dni,curso_idcurso,anio) VALUES ('43069571','5','2018');
INSERT INTO alumnoxcurso (alumno_dni,curso_idcurso,anio) VALUES ('43069504','5','2018');
INSERT INTO alumnoxcurso (alumno_dni,curso_idcurso,anio) VALUES ('43069929','5','2018');
INSERT INTO alumnoxcurso (alumno_dni,curso_idcurso,anio) VALUES ('43271206','5','2018');
INSERT INTO alumnoxcurso (alumno_dni,curso_idcurso,anio) VALUES ('43116811','5','2018');
INSERT INTO alumnoxcurso (alumno_dni,curso_idcurso,anio) VALUES ('42335337','5','2018');
INSERT INTO alumnoxcurso (alumno_dni,curso_idcurso,anio) VALUES ('43150149','5','2018');
INSERT INTO alumnoxcurso (alumno_dni,curso_idcurso,anio) VALUES ('42699381','5','2018');
INSERT INTO alumnoxcurso (alumno_dni,curso_idcurso,anio) VALUES ('42699176','5','2018');
INSERT INTO alumnoxcurso (alumno_dni,curso_idcurso,anio) VALUES ('42798982','5','2018');
INSERT INTO alumnoxcurso (alumno_dni,curso_idcurso,anio) VALUES ('42584063','5','2018');
INSERT INTO alumnoxcurso (alumno_dni,curso_idcurso,anio) VALUES ('43299447','5','2018');
INSERT INTO alumnoxcurso (alumno_dni,curso_idcurso,anio) VALUES ('42798909','5','2018');
INSERT INTO alumnoxcurso (alumno_dni,curso_idcurso,anio) VALUES ('42798993','5','2018');
INSERT INTO alumnoxcurso (alumno_dni,curso_idcurso,anio) VALUES ('43415869','5','2018');
INSERT INTO alumnoxcurso (alumno_dni,curso_idcurso,anio) VALUES ('42699186','5','2018');
INSERT INTO alumnoxcurso (alumno_dni,curso_idcurso,anio) VALUES ('42915630','5','2018');
INSERT INTO alumnoxcurso (alumno_dni,curso_idcurso,anio) VALUES ('43150148','5','2018');
INSERT INTO alumnoxcurso (alumno_dni,curso_idcurso,anio) VALUES ('42720663','5','2018');
INSERT INTO alumnoxcurso (alumno_dni,curso_idcurso,anio) VALUES ('42915608','5','2018');
INSERT INTO alumnoxcurso (alumno_dni,curso_idcurso,anio) VALUES ('42968190','5','2018');
INSERT INTO alumnoxcurso (alumno_dni,curso_idcurso,anio) VALUES ('42915812','5','2018');


-- Insert para 6° Biologico 2018
-- alumno
INSERT INTO alumno (apellido,nombre,fechaNacimiento,dni,direccion,email,lugarNacimiento) VALUES ('Amigone','Nicolás Javier','2001-01-31','43116878','Av circunvalación Nº 2700','','Argentina');
INSERT INTO alumno (apellido,nombre,fechaNacimiento,dni,direccion,email,lugarNacimiento) VALUES ('Arneri','Francisco Tomás','2001-05-07','43365180','500 bis Nº 1472','','Argentina');
INSERT INTO alumno (apellido,nombre,fechaNacimiento,dni,direccion,email,lugarNacimiento) VALUES ('Assis Raimondi','Ignacio','2001-02-12','43150125','10 Nª 252','','Argentina');
INSERT INTO alumno (apellido,nombre,fechaNacimiento,dni,direccion,email,lugarNacimiento) VALUES ('Becher','Tomás Ignacio','2001-03-15','43299439','329 Nº 335','','Argentina');
INSERT INTO alumno (apellido,nombre,fechaNacimiento,dni,direccion,email,lugarNacimiento) VALUES ('Blanco','Agustina Xiomara','2000-09-22','42915693','329 bis Nº 324','','Argentina');
INSERT INTO alumno (apellido,nombre,fechaNacimiento,dni,direccion,email,lugarNacimiento) VALUES ('Borselli','Valentina Sofía','2001-06-08','43323250','18 Nº 910','','Argentina');
INSERT INTO alumno (apellido,nombre,fechaNacimiento,dni,direccion,email,lugarNacimiento) VALUES ('Cerutti','Benjamín','2001-06-03','43149835','115 Nº 575','','Argentina');
INSERT INTO alumno (apellido,nombre,fechaNacimiento,dni,direccion,email,lugarNacimiento) VALUES ('Cesa','Fernando Raúl','2000-09-14','42915639','101 bis Nº 365','','Argentina');
INSERT INTO alumno (apellido,nombre,fechaNacimiento,dni,direccion,email,lugarNacimiento) VALUES ('De Ambrosio','Catalina','2000-08-03','42798967','314 Nº 3592','','Argentina');
INSERT INTO alumno (apellido,nombre,fechaNacimiento,dni,direccion,email,lugarNacimiento) VALUES ('Garcia Barrioni','Catalina','2000-09-29','42968105','17 N 2011','','Argentina');
INSERT INTO alumno (apellido,nombre,fechaNacimiento,dni,direccion,email,lugarNacimiento) VALUES ('Garcia','Maitena','2001-03-21','43299497','103 Nº 756','','Argentina');
INSERT INTO alumno (apellido,nombre,fechaNacimiento,dni,direccion,email,lugarNacimiento) VALUES ('Garcia','Sofía','2001-01-19','43116856','17 Nº 1440','','Argentina');
INSERT INTO alumno (apellido,nombre,fechaNacimiento,dni,direccion,email,lugarNacimiento) VALUES ('Gentili','Tomás','2000-09-01','42915601','20 Nº 617','','Argentina');
INSERT INTO alumno (apellido,nombre,fechaNacimiento,dni,direccion,email,lugarNacimiento) VALUES ('Giosué','Greta','2001-02-16','43150119','24 Nº 144','','Argentina');
INSERT INTO alumno (apellido,nombre,fechaNacimiento,dni,direccion,email,lugarNacimiento) VALUES ('Hourcade','Mercedes ','2000-12-29','43040068','18 bis Nº 416','','Argentina');
INSERT INTO alumno (apellido,nombre,fechaNacimiento,dni,direccion,email,lugarNacimiento) VALUES ('Lovera','Francisca','2000-10-06','42968107','108 Nº 145 N','','Argentina');
INSERT INTO alumno (apellido,nombre,fechaNacimiento,dni,direccion,email,lugarNacimiento) VALUES ('Manago Eugeni','Giuliano','2000-11-11','43069530','111 Nº 655','','Argentina');
INSERT INTO alumno (apellido,nombre,fechaNacimiento,dni,direccion,email,lugarNacimiento) VALUES ('Marconi','Ana Paula','2001-05-07','43365191','21 Nº 1508','','Argentina');
INSERT INTO alumno (apellido,nombre,fechaNacimiento,dni,direccion,email,lugarNacimiento) VALUES ('Massara Caraffini','Nina','2000-11-15','43069543','Av San Martin Nº 954','','Argentina');
INSERT INTO alumno (apellido,nombre,fechaNacimiento,dni,direccion,email,lugarNacimiento) VALUES ('Ricardez','Danilo','2000-11-15','42968135','10 Nº 1330','','Argentina');
INSERT INTO alumno (apellido,nombre,fechaNacimiento,dni,direccion,email,lugarNacimiento) VALUES ('Rodriguez Le Pors','Espartaco','2000-09-11','42915642','26 Nº 128','','Argentina');
INSERT INTO alumno (apellido,nombre,fechaNacimiento,dni,direccion,email,lugarNacimiento) VALUES ('Rodriguez','Ignacio','2000-07-17','42798911','108 bis Nº 376','','Argentina');
INSERT INTO alumno (apellido,nombre,fechaNacimiento,dni,direccion,email,lugarNacimiento) VALUES ('Rusconi','Valentín','2000-09-15','42915644','8 Nº 515','','Argentina');
INSERT INTO alumno (apellido,nombre,fechaNacimiento,dni,direccion,email,lugarNacimiento) VALUES ('Tassone','Delfina María','2000-11-08','42968198','28 Nº 274','','Argentina');
INSERT INTO alumno (apellido,nombre,fechaNacimiento,dni,direccion,email,lugarNacimiento) VALUES ('Tobal','Lázaro Daniel','2000-11-07','43069512','Av San Martín esq 113','','Argentina');
INSERT INTO alumno (apellido,nombre,fechaNacimiento,dni,direccion,email,lugarNacimiento) VALUES ('Torales','Álvaro José','2000-09-19','42915659','121 nº 365','','Argentina');
INSERT INTO alumno (apellido,nombre,fechaNacimiento,dni,direccion,email,lugarNacimiento) VALUES ('Viroletti','Eliana Magali','2000-09-30','42915691','306 nº770','','Argentina');

-- alumnoxcurso
INSERT INTO alumnoxcurso (alumno_dni,curso_idcurso,anio) VALUES ('43116878','6','2018');
INSERT INTO alumnoxcurso (alumno_dni,curso_idcurso,anio) VALUES ('43365180','6','2018');
INSERT INTO alumnoxcurso (alumno_dni,curso_idcurso,anio) VALUES ('43150125','6','2018');
INSERT INTO alumnoxcurso (alumno_dni,curso_idcurso,anio) VALUES ('43299439','6','2018');
INSERT INTO alumnoxcurso (alumno_dni,curso_idcurso,anio) VALUES ('42915693','6','2018');
INSERT INTO alumnoxcurso (alumno_dni,curso_idcurso,anio) VALUES ('43323250','6','2018');
INSERT INTO alumnoxcurso (alumno_dni,curso_idcurso,anio) VALUES ('43149835','6','2018');
INSERT INTO alumnoxcurso (alumno_dni,curso_idcurso,anio) VALUES ('42915639','6','2018');
INSERT INTO alumnoxcurso (alumno_dni,curso_idcurso,anio) VALUES ('42798967','6','2018');
INSERT INTO alumnoxcurso (alumno_dni,curso_idcurso,anio) VALUES ('42968105','6','2018');
INSERT INTO alumnoxcurso (alumno_dni,curso_idcurso,anio) VALUES ('43299497','6','2018');
INSERT INTO alumnoxcurso (alumno_dni,curso_idcurso,anio) VALUES ('43116856','6','2018');
INSERT INTO alumnoxcurso (alumno_dni,curso_idcurso,anio) VALUES ('42915601','6','2018');
INSERT INTO alumnoxcurso (alumno_dni,curso_idcurso,anio) VALUES ('43150119','6','2018');
INSERT INTO alumnoxcurso (alumno_dni,curso_idcurso,anio) VALUES ('43040068','6','2018');
INSERT INTO alumnoxcurso (alumno_dni,curso_idcurso,anio) VALUES ('42968107','6','2018');
INSERT INTO alumnoxcurso (alumno_dni,curso_idcurso,anio) VALUES ('43069530','6','2018');
INSERT INTO alumnoxcurso (alumno_dni,curso_idcurso,anio) VALUES ('43365191','6','2018');
INSERT INTO alumnoxcurso (alumno_dni,curso_idcurso,anio) VALUES ('43069543','6','2018');
INSERT INTO alumnoxcurso (alumno_dni,curso_idcurso,anio) VALUES ('42968135','6','2018');
INSERT INTO alumnoxcurso (alumno_dni,curso_idcurso,anio) VALUES ('42915642','6','2018');
INSERT INTO alumnoxcurso (alumno_dni,curso_idcurso,anio) VALUES ('42798911','6','2018');
INSERT INTO alumnoxcurso (alumno_dni,curso_idcurso,anio) VALUES ('42915644','6','2018');
INSERT INTO alumnoxcurso (alumno_dni,curso_idcurso,anio) VALUES ('42968198','6','2018');
INSERT INTO alumnoxcurso (alumno_dni,curso_idcurso,anio) VALUES ('43069512','6','2018');
INSERT INTO alumnoxcurso (alumno_dni,curso_idcurso,anio) VALUES ('42915659','6','2018');
INSERT INTO alumnoxcurso (alumno_dni,curso_idcurso,anio) VALUES ('42915691','6','2018');

