
-- curso

INSERT INTO `curso`(`idcurso`, `nombre`, `anio`) VALUES (1, 'NN', '4');
INSERT INTO `curso`(`idcurso`, `nombre`, `anio`) VALUES (2, 'Economico', '5');
INSERT INTO `curso`(`idcurso`, `nombre`, `anio`) VALUES (3, 'Biologico', '5');
INSERT INTO `curso`(`idcurso`, `nombre`, `anio`) VALUES (4, 'Economico', '6');
INSERT INTO `curso`(`idcurso`, `nombre`, `anio`) VALUES (5, 'Biologico', '6');

-- Insert para 4° 2018
-- alumno
INSERT INTO alumno (apellido,nombre,fechaNacimiento,dni,direccion,email,lugarNacimiento) VALUES ('alison','joaquín gaspar','16/3/2003','44633258','6 bis nº 975(n)','','Gral. Pico');
INSERT INTO alumno (apellido,nombre,fechaNacimiento,dni,direccion,email,lugarNacimiento) VALUES ('barbeito','trinidad','29/3/2003','44633287','32 n° 116','','Gral Pico');
INSERT INTO alumno (apellido,nombre,fechaNacimiento,dni,direccion,email,lugarNacimiento) VALUES ('baudino','juan ignacio','7/8/2002','44119072','11 nº 131(o)','','Gral. Pico');
INSERT INTO alumno (apellido,nombre,fechaNacimiento,dni,direccion,email,lugarNacimiento) VALUES ('bruno','sol lizet','10/9/2002','44119899','9 nº 326','','Gral. Pico');
INSERT INTO alumno (apellido,nombre,fechaNacimiento,dni,direccion,email,lugarNacimiento) VALUES ('cerutti','joaquín','9/12/2002','44342351','115 n° 575','','Gral. Pico');
INSERT INTO alumno (apellido,nombre,fechaNacimiento,dni,direccion,email,lugarNacimiento) VALUES ('esquivel','valentino','25/9/2002','44103958','260  nº 556','','Gualeguay Entre Ríos');
INSERT INTO alumno (apellido,nombre,fechaNacimiento,dni,direccion,email,lugarNacimiento) VALUES ('favaro','francisco joaquín',' 17/02/2003','44342888','38 nº 596','','Gral. Pico');
INSERT INTO alumno (apellido,nombre,fechaNacimiento,dni,direccion,email,lugarNacimiento) VALUES ('fredes','nicolás','13/3/2003','44633241','34 n° 255(N)','','Gral. Pico');
INSERT INTO alumno (apellido,nombre,fechaNacimiento,dni,direccion,email,lugarNacimiento) VALUES ('ghione','romanela','10/2/2003','44342875','31 nº 396 (o)','','Gral. Pico');
INSERT INTO alumno (apellido,nombre,fechaNacimiento,dni,direccion,email,lugarNacimiento) VALUES ('isaguirre','pilar','20/8/2002','43700131','101 n º 559','','Gral. Pico');
INSERT INTO alumno (apellido,nombre,fechaNacimiento,dni,direccion,email,lugarNacimiento) VALUES ('linares','benjamín','5/11/2002','44633253','111 nº845','','Bahía Blanca');
INSERT INTO alumno (apellido,nombre,fechaNacimiento,dni,direccion,email,lugarNacimiento) VALUES ('martinez','dante','12/2/2003','44342872','17 nº 378(o)','','Gral. Pico');
INSERT INTO alumno (apellido,nombre,fechaNacimiento,dni,direccion,email,lugarNacimiento) VALUES ('montero','celeste ivana','3/12/2002','44341794','103 bis nº 675(O)','','Gral. Pico');
INSERT INTO alumno (apellido,nombre,fechaNacimiento,dni,direccion,email,lugarNacimiento) VALUES ('morales','martina','22/3/2003','44720158','10 bis nº 514 (N)','','Santa Rosa');
INSERT INTO alumno (apellido,nombre,fechaNacimiento,dni,direccion,email,lugarNacimiento) VALUES ('moran','sol nerina','10/7/2002','44119017','329 nº 44','','Gral. Pico');
INSERT INTO alumno (apellido,nombre,fechaNacimiento,dni,direccion,email,lugarNacimiento) VALUES ('muñoz','milena julieta','26/8/2002','44119832',' 20 nº 687(N)','','Gral. Pico');
INSERT INTO alumno (apellido,nombre,fechaNacimiento,dni,direccion,email,lugarNacimiento) VALUES ('nabhen','dolores','25/1/2003','44342795','10 nº 1755','','Gral. Pico');
INSERT INTO alumno (apellido,nombre,fechaNacimiento,dni,direccion,email,lugarNacimiento) VALUES ('oderiz gallinger','quirina','11/6/2003','44806195','318 nº 3285','','Gral. Pico');
INSERT INTO alumno (apellido,nombre,fechaNacimiento,dni,direccion,email,lugarNacimiento) VALUES ('otero','clara mariel haydee','6/2/2003','44342870','38 nº 1166','','Gral. Pico');
INSERT INTO alumno (apellido,nombre,fechaNacimiento,dni,direccion,email,lugarNacimiento) VALUES ('robla','valentín oscar','19/4/2003','44680251','13 nº 750(0)','','Gral. Pico');
INSERT INTO alumno (apellido,nombre,fechaNacimiento,dni,direccion,email,lugarNacimiento) VALUES ('rusconi','antonella ','2/9/2002','44119850','113 nº 1044','','Gral. Pico');
INSERT INTO alumno (apellido,nombre,fechaNacimiento,dni,direccion,email,lugarNacimiento) VALUES ('sanchez','juana','19/7/2002','44261719','25 nº 1055','','Cap. Federal');
INSERT INTO alumno (apellido,nombre,fechaNacimiento,dni,direccion,email,lugarNacimiento) VALUES ('schwerdt','lourdes','8/11/2002','44453160','3 nº 1157','','Azul(Bs As)');
INSERT INTO alumno (apellido,nombre,fechaNacimiento,dni,direccion,email,lugarNacimiento) VALUES ('soler','tiago','30/4/2003','44680298','10 nº 708(n)','','Gral. Pico');
INSERT INTO alumno (apellido,nombre,fechaNacimiento,dni,direccion,email,lugarNacimiento) VALUES ('torales witt','juan bautista','19/8/2002','44119835','18 nº 1065(n)','','Gral. Pico');
INSERT INTO alumno (apellido,nombre,fechaNacimiento,dni,direccion,email,lugarNacimiento) VALUES ('torres','joaquín','27/8/2002','44119836','310 nº 3676','','Gral. Pico');
INSERT INTO alumno (apellido,nombre,fechaNacimiento,dni,direccion,email,lugarNacimiento) VALUES ('vazquez martinez','candela','23/9/2002','44120222','14 nº 495(n)','','Gral. Pico');
INSERT INTO alumno (apellido,nombre,fechaNacimiento,dni,direccion,email,lugarNacimiento) VALUES ('vera hartfiel','juan francisco','10/7/2002','44119007','24 bis nº 750(N)','','Gral. Pico');
INSERT INTO alumno (apellido,nombre,fechaNacimiento,dni,direccion,email,lugarNacimiento) VALUES ('vicente','candela','14/5/2003','44720013','35 nº 1146','','Gral. Pico');
INSERT INTO alumno (apellido,nombre,fechaNacimiento,dni,direccion,email,lugarNacimiento) VALUES ('villa','emilia','7/10/2003','44120262','13 nº 68','','Gral. Pico');

-- alumnoxcurso
INSERT INTO alumnoxcurso (alumno_dni,curso_idcurso,anio) VALUES ('44633258','1','2018');
INSERT INTO alumnoxcurso (alumno_dni,curso_idcurso,anio) VALUES ('44633287','1','2018');
INSERT INTO alumnoxcurso (alumno_dni,curso_idcurso,anio) VALUES ('44119072','1','2018');
INSERT INTO alumnoxcurso (alumno_dni,curso_idcurso,anio) VALUES ('44119899','1','2018');
INSERT INTO alumnoxcurso (alumno_dni,curso_idcurso,anio) VALUES ('44342351','1','2018');
INSERT INTO alumnoxcurso (alumno_dni,curso_idcurso,anio) VALUES ('44103958','1','2018');
INSERT INTO alumnoxcurso (alumno_dni,curso_idcurso,anio) VALUES ('44342888','1','2018');
INSERT INTO alumnoxcurso (alumno_dni,curso_idcurso,anio) VALUES ('44633241','1','2018');
INSERT INTO alumnoxcurso (alumno_dni,curso_idcurso,anio) VALUES ('44342875','1','2018');
INSERT INTO alumnoxcurso (alumno_dni,curso_idcurso,anio) VALUES ('43700131','1','2018');
INSERT INTO alumnoxcurso (alumno_dni,curso_idcurso,anio) VALUES ('44633253','1','2018');
INSERT INTO alumnoxcurso (alumno_dni,curso_idcurso,anio) VALUES ('44342872','1','2018');
INSERT INTO alumnoxcurso (alumno_dni,curso_idcurso,anio) VALUES ('44341794','1','2018');
INSERT INTO alumnoxcurso (alumno_dni,curso_idcurso,anio) VALUES ('44720158','1','2018');
INSERT INTO alumnoxcurso (alumno_dni,curso_idcurso,anio) VALUES ('44119017','1','2018');
INSERT INTO alumnoxcurso (alumno_dni,curso_idcurso,anio) VALUES ('44119832','1','2018');
INSERT INTO alumnoxcurso (alumno_dni,curso_idcurso,anio) VALUES ('44342795','1','2018');
INSERT INTO alumnoxcurso (alumno_dni,curso_idcurso,anio) VALUES ('44806195','1','2018');
INSERT INTO alumnoxcurso (alumno_dni,curso_idcurso,anio) VALUES ('44342870','1','2018');
INSERT INTO alumnoxcurso (alumno_dni,curso_idcurso,anio) VALUES ('44680251','1','2018');
INSERT INTO alumnoxcurso (alumno_dni,curso_idcurso,anio) VALUES ('44119850','1','2018');
INSERT INTO alumnoxcurso (alumno_dni,curso_idcurso,anio) VALUES ('44261719','1','2018');
INSERT INTO alumnoxcurso (alumno_dni,curso_idcurso,anio) VALUES ('44453160','1','2018');
INSERT INTO alumnoxcurso (alumno_dni,curso_idcurso,anio) VALUES ('44680298','1','2018');
INSERT INTO alumnoxcurso (alumno_dni,curso_idcurso,anio) VALUES ('44119835','1','2018');
INSERT INTO alumnoxcurso (alumno_dni,curso_idcurso,anio) VALUES ('44119836','1','2018');
INSERT INTO alumnoxcurso (alumno_dni,curso_idcurso,anio) VALUES ('44120222','1','2018');
INSERT INTO alumnoxcurso (alumno_dni,curso_idcurso,anio) VALUES ('44119007','1','2018');
INSERT INTO alumnoxcurso (alumno_dni,curso_idcurso,anio) VALUES ('44720013','1','2018');
INSERT INTO alumnoxcurso (alumno_dni,curso_idcurso,anio) VALUES ('44120262','1','2018');


-- Insert para 5° Economico 2018

-- alumno
INSERT INTO alumno (apellido,nombre,fechaNacimiento,dni,direccion,email,lugarNacimiento) VALUES ('aguilar siage','franco ','17/9/1998','41416765','500 - 1821','','General Pico');
INSERT INTO alumno (apellido,nombre,fechaNacimiento,dni,direccion,email,lugarNacimiento) VALUES ('almaraz','zoe','8/2/2002','43699934','500 BIS - 1568','','General Pico');
INSERT INTO alumno (apellido,nombre,fechaNacimiento,dni,direccion,email,lugarNacimiento) VALUES ('alvarez carosio','tomás antonio','5/10/2001','43542348','7  -  1029','','General Pico');
INSERT INTO alumno (apellido,nombre,fechaNacimiento,dni,direccion,email,lugarNacimiento) VALUES ('bajo','gonzalo tomás','11/10/2001','43542363','103 BIS - 655  O','','General Pico');
INSERT INTO alumno (apellido,nombre,fechaNacimiento,dni,direccion,email,lugarNacimiento) VALUES ('balent','catalina','13/10/2001','43542370','4  -  1841','','General Pico');
INSERT INTO alumno (apellido,nombre,fechaNacimiento,dni,direccion,email,lugarNacimiento) VALUES ('barbera','juan salvador','22/4/2002','44007824','AV. S.M. - 1823','','General Pico');
INSERT INTO alumno (apellido,nombre,fechaNacimiento,dni,direccion,email,lugarNacimiento) VALUES ('bertone','luisa','1/7/2001','43415884','20 - 1004','','General Pico');
INSERT INTO alumno (apellido,nombre,fechaNacimiento,dni,direccion,email,lugarNacimiento) VALUES ('cinelli','nicolás ángel ','10/5/2001','42016977','AV. S.M. - 2590','','General Pico');
INSERT INTO alumno (apellido,nombre,fechaNacimiento,dni,direccion,email,lugarNacimiento) VALUES ('cismondi','paulina','9/11/2001','43542707','26  -  932','','General Pico');
INSERT INTO alumno (apellido,nombre,fechaNacimiento,dni,direccion,email,lugarNacimiento) VALUES ('cofré','agustín','28/8/2001','43483800','29 BIS - 2065','','General Pico');
INSERT INTO alumno (apellido,nombre,fechaNacimiento,dni,direccion,email,lugarNacimiento) VALUES ('corrales','mariana luz','15/8/2001','43483773','304  -  570','','General Pico');
INSERT INTO alumno (apellido,nombre,fechaNacimiento,dni,direccion,email,lugarNacimiento) VALUES ('figlioli','valentina','14/2/2002','43699950','38  -  1186','','General Pico');
INSERT INTO alumno (apellido,nombre,fechaNacimiento,dni,direccion,email,lugarNacimiento) VALUES ('garcia pascual','facundo','8/3/2002','44007303','306  -  3235','','General Pico');
INSERT INTO alumno (apellido,nombre,fechaNacimiento,dni,direccion,email,lugarNacimiento) VALUES ('gattino gago','fiorella','16/1/2002','43624164','101- 356    O','','General Pico');
INSERT INTO alumno (apellido,nombre,fechaNacimiento,dni,direccion,email,lugarNacimiento) VALUES ('gautes','juan bautista','10/6/2002','44118702','113  esq. 22','','General Pico');
INSERT INTO alumno (apellido,nombre,fechaNacimiento,dni,direccion,email,lugarNacimiento) VALUES ('gnocchi vital','simón','21/5/2002','44007889','9 - 1156 DPTO 1','','General Pico');
INSERT INTO alumno (apellido,nombre,fechaNacimiento,dni,direccion,email,lugarNacimiento) VALUES ('granada braghini','nehuen cristobal','29/5/2002','44118653','48  -  286','','General Pico');
INSERT INTO alumno (apellido,nombre,fechaNacimiento,dni,direccion,email,lugarNacimiento) VALUES ('heck','valentina ','11/4/2002','44007397','29 BIS - 1954','','General Pico');
INSERT INTO alumno (apellido,nombre,fechaNacimiento,dni,direccion,email,lugarNacimiento) VALUES ('herrera lopez','lola','8/8/2001','43483761','43  -  849','','General Pico');
INSERT INTO alumno (apellido,nombre,fechaNacimiento,dni,direccion,email,lugarNacimiento) VALUES ('herrero','martina','22/2/2001','43624097','102BIS E/101Y103','','General Pico');
INSERT INTO alumno (apellido,nombre,fechaNacimiento,dni,direccion,email,lugarNacimiento) VALUES ('knaus','genaro','30/4/2002','44151834','CARDENAL 350','','Parana. E.R.');
INSERT INTO alumno (apellido,nombre,fechaNacimiento,dni,direccion,email,lugarNacimiento) VALUES ('kunz','celeste','10/8/2001','43483748','11 - 520','','General Pico');
INSERT INTO alumno (apellido,nombre,fechaNacimiento,dni,direccion,email,lugarNacimiento) VALUES ('lovan','valentina    ','13/1/2001','43150115','430 - 105','','');
INSERT INTO alumno (apellido,nombre,fechaNacimiento,dni,direccion,email,lugarNacimiento) VALUES ('montero','agostina','31/10/2001','43542686','39 - 1150','','General Pico');
INSERT INTO alumno (apellido,nombre,fechaNacimiento,dni,direccion,email,lugarNacimiento) VALUES ('morello','mateo','9/5/2002','44007861','109 E/14Y16','','General Pico');
INSERT INTO alumno (apellido,nombre,fechaNacimiento,dni,direccion,email,lugarNacimiento) VALUES ('nesteruk','rosario ','26/5/2001','43483457','313  -  4','','General Pico');
INSERT INTO alumno (apellido,nombre,fechaNacimiento,dni,direccion,email,lugarNacimiento) VALUES ('pascual','fernando ','20/12/2001','43624079','20  -  421','','General Pico');
INSERT INTO alumno (apellido,nombre,fechaNacimiento,dni,direccion,email,lugarNacimiento) VALUES ('pussacq','marina grazia','4/1/2002','43624110','109- 1168','','General Pico');
INSERT INTO alumno (apellido,nombre,fechaNacimiento,dni,direccion,email,lugarNacimiento) VALUES ('radicci','karen','3/11/2001','43729388','11 -936','','Buenos Aires ');
INSERT INTO alumno (apellido,nombre,fechaNacimiento,dni,direccion,email,lugarNacimiento) VALUES ('remirez','sofía anahí','10/5/2002','44118781','112 - 38','','Realicó');
INSERT INTO alumno (apellido,nombre,fechaNacimiento,dni,direccion,email,lugarNacimiento) VALUES (' ricca','sofía','30/7/2001','43483723','29- 384','','General Pico');
INSERT INTO alumno (apellido,nombre,fechaNacimiento,dni,direccion,email,lugarNacimiento) VALUES ('robledo','ana clara','25/7/2001','43483760','RUTA 1 - 1636','','General Pico');
INSERT INTO alumno (apellido,nombre,fechaNacimiento,dni,direccion,email,lugarNacimiento) VALUES ('rossi iglesias','albaro elian','28/1/2002','43699936','102 - 1185','','General Pico');

-- alumnoxcurso

INSERT INTO alumnoxcurso (alumno_dni,curso_idcurso,anio) VALUES ('41416765','2','2018');
INSERT INTO alumnoxcurso (alumno_dni,curso_idcurso,anio) VALUES ('43699934','2','2018');
INSERT INTO alumnoxcurso (alumno_dni,curso_idcurso,anio) VALUES ('43542348','2','2018');
INSERT INTO alumnoxcurso (alumno_dni,curso_idcurso,anio) VALUES ('43542363','2','2018');
INSERT INTO alumnoxcurso (alumno_dni,curso_idcurso,anio) VALUES ('43542370','2','2018');
INSERT INTO alumnoxcurso (alumno_dni,curso_idcurso,anio) VALUES ('44007824','2','2018');
INSERT INTO alumnoxcurso (alumno_dni,curso_idcurso,anio) VALUES ('43415884','2','2018');
INSERT INTO alumnoxcurso (alumno_dni,curso_idcurso,anio) VALUES ('42016977','2','2018');
INSERT INTO alumnoxcurso (alumno_dni,curso_idcurso,anio) VALUES ('43542707','2','2018');
INSERT INTO alumnoxcurso (alumno_dni,curso_idcurso,anio) VALUES ('43483800','2','2018');
INSERT INTO alumnoxcurso (alumno_dni,curso_idcurso,anio) VALUES ('43483773','2','2018');
INSERT INTO alumnoxcurso (alumno_dni,curso_idcurso,anio) VALUES ('43699950','2','2018');
INSERT INTO alumnoxcurso (alumno_dni,curso_idcurso,anio) VALUES ('44007303','2','2018');
INSERT INTO alumnoxcurso (alumno_dni,curso_idcurso,anio) VALUES ('43624164','2','2018');
INSERT INTO alumnoxcurso (alumno_dni,curso_idcurso,anio) VALUES ('44118702','2','2018');
INSERT INTO alumnoxcurso (alumno_dni,curso_idcurso,anio) VALUES ('44007889','2','2018');
INSERT INTO alumnoxcurso (alumno_dni,curso_idcurso,anio) VALUES ('44118653','2','2018');
INSERT INTO alumnoxcurso (alumno_dni,curso_idcurso,anio) VALUES ('44007397','2','2018');
INSERT INTO alumnoxcurso (alumno_dni,curso_idcurso,anio) VALUES ('43483761','2','2018');
INSERT INTO alumnoxcurso (alumno_dni,curso_idcurso,anio) VALUES ('43624097','2','2018');
INSERT INTO alumnoxcurso (alumno_dni,curso_idcurso,anio) VALUES ('44151834','2','2018');
INSERT INTO alumnoxcurso (alumno_dni,curso_idcurso,anio) VALUES ('43483748','2','2018');
INSERT INTO alumnoxcurso (alumno_dni,curso_idcurso,anio) VALUES ('43150115','2','2018');
INSERT INTO alumnoxcurso (alumno_dni,curso_idcurso,anio) VALUES ('43542686','2','2018');
INSERT INTO alumnoxcurso (alumno_dni,curso_idcurso,anio) VALUES ('44007861','2','2018');
INSERT INTO alumnoxcurso (alumno_dni,curso_idcurso,anio) VALUES ('43483457','2','2018');
INSERT INTO alumnoxcurso (alumno_dni,curso_idcurso,anio) VALUES ('43624079','2','2018');
INSERT INTO alumnoxcurso (alumno_dni,curso_idcurso,anio) VALUES ('43624110','2','2018');
INSERT INTO alumnoxcurso (alumno_dni,curso_idcurso,anio) VALUES ('43729388','2','2018');
INSERT INTO alumnoxcurso (alumno_dni,curso_idcurso,anio) VALUES ('44118781','2','2018');
INSERT INTO alumnoxcurso (alumno_dni,curso_idcurso,anio) VALUES ('43483723','2','2018');
INSERT INTO alumnoxcurso (alumno_dni,curso_idcurso,anio) VALUES ('43483760','2','2018');
INSERT INTO alumnoxcurso (alumno_dni,curso_idcurso,anio) VALUES ('43699936','2','2018');

-- Insert para 5° Biologico 2018
-- alumno
INSERT INTO alumno (apellido,nombre,fechaNacimiento,dni,direccion,email,lugarNacimiento) VALUES ('alzamora ianzito','camila','6/11/2001','43542701','101 - 52','','Gral. Pico');
INSERT INTO alumno (apellido,nombre,fechaNacimiento,dni,direccion,email,lugarNacimiento) VALUES ('arias','gonzalo tiago','21/2/2002','43928183','302 bis-571','','CABA');
INSERT INTO alumno (apellido,nombre,fechaNacimiento,dni,direccion,email,lugarNacimiento) VALUES ('arisnabarreta','martina','4/9/2000','43542129','24-565','','Gral. Pico');
INSERT INTO alumno (apellido,nombre,fechaNacimiento,dni,direccion,email,lugarNacimiento) VALUES ('balduzzi','gino','18/12/2001','43624066','17-54','','Gral. Pico');
INSERT INTO alumno (apellido,nombre,fechaNacimiento,dni,direccion,email,lugarNacimiento) VALUES ('bessone ruiz','mateo','25/7/2001','43483799','302 BIS-579','','Gral. Pico');
INSERT INTO alumno (apellido,nombre,fechaNacimiento,dni,direccion,email,lugarNacimiento) VALUES ('boles','agustina','21/2/2002','43699975','117-750','','Gral. Pico');
INSERT INTO alumno (apellido,nombre,fechaNacimiento,dni,direccion,email,lugarNacimiento) VALUES ('brignoli','rocío','19/7/2001','43483711','38-475','','Santa Rosa');
INSERT INTO alumno (apellido,nombre,fechaNacimiento,dni,direccion,email,lugarNacimiento) VALUES ('brunengo','fátima inés','24/7/2001','43483488','16-1215','','Gral. Pico');
INSERT INTO alumno (apellido,nombre,fechaNacimiento,dni,direccion,email,lugarNacimiento) VALUES ('escudero','laureano','17/7/2001','43483473','20-1683','','Gral. Pico');
INSERT INTO alumno (apellido,nombre,fechaNacimiento,dni,direccion,email,lugarNacimiento) VALUES ('estrella irrazabal','juan manuel','7/1/2002','43624137','16 BIS-619 NTE','','Gral. Pico');
INSERT INTO alumno (apellido,nombre,fechaNacimiento,dni,direccion,email,lugarNacimiento) VALUES ('farías','robertino juan','23/11/2001','43542705','51-1315','','Gral. Pico');
INSERT INTO alumno (apellido,nombre,fechaNacimiento,dni,direccion,email,lugarNacimiento) VALUES ('fernandez madrid','pedro','1/2/2002','43699942','16 N - 1416','','Necochea');
INSERT INTO alumno (apellido,nombre,fechaNacimiento,dni,direccion,email,lugarNacimiento) VALUES ('frencia witt','delfina','13/5/2002','44007877','22-769 NTE','','Gral. Pico');
INSERT INTO alumno (apellido,nombre,fechaNacimiento,dni,direccion,email,lugarNacimiento) VALUES ('giganti','vicente','2/10/2001','43603423','4- 637','','Monte B. Cba');
INSERT INTO alumno (apellido,nombre,fechaNacimiento,dni,direccion,email,lugarNacimiento) VALUES ('haedo','lucía yanela','7/1/2002','43624121','403-2026','','Gral. Pico');
INSERT INTO alumno (apellido,nombre,fechaNacimiento,dni,direccion,email,lugarNacimiento) VALUES ('herlein','santiago','27/5/2002','44166058','302-1221','','Trenquelauquen');
INSERT INTO alumno (apellido,nombre,fechaNacimiento,dni,direccion,email,lugarNacimiento) VALUES ('ibarra ramos','franco','28/12/2001','43624092','327 bis- 124','','Gral. Pico');
INSERT INTO alumno (apellido,nombre,fechaNacimiento,dni,direccion,email,lugarNacimiento) VALUES ('leguizamon guzman','rocío belén','7/6/2002','44118670','18-1270 NTE','','Gral. Pico');
INSERT INTO alumno (apellido,nombre,fechaNacimiento,dni,direccion,email,lugarNacimiento) VALUES ('mediza','sebastián omar','12/1/2001','43542372','13-2049','','Gral. Pico');
INSERT INTO alumno (apellido,nombre,fechaNacimiento,dni,direccion,email,lugarNacimiento) VALUES ('miguel forte','camila','6/5/2002','43997209','Trisquelia','','Cordoba');
INSERT INTO alumno (apellido,nombre,fechaNacimiento,dni,direccion,email,lugarNacimiento) VALUES ('pascual dominguez','lucía','28/6/2002','44199061','av. SM -345 nte','','Gral. Pico');
INSERT INTO alumno (apellido,nombre,fechaNacimiento,dni,direccion,email,lugarNacimiento) VALUES ('passarini','francisco martín ','6/12/2001','43542777','305-66','','Gral. Pico');
INSERT INTO alumno (apellido,nombre,fechaNacimiento,dni,direccion,email,lugarNacimiento) VALUES ('perez','sofía daira','25/9/2001','43542179','17BIS-1168 O','','Gral. Pico');
INSERT INTO alumno (apellido,nombre,fechaNacimiento,dni,direccion,email,lugarNacimiento) VALUES ('portillo','lola','26/11/2001','43542748','16BIS-375 N','','Gral. Pico');
INSERT INTO alumno (apellido,nombre,fechaNacimiento,dni,direccion,email,lugarNacimiento) VALUES ('rattalino','guadalupe','6/3/2002','43699995','14-256 N dto1','','Gral. Pico');
INSERT INTO alumno (apellido,nombre,fechaNacimiento,dni,direccion,email,lugarNacimiento) VALUES ('rio','stefanía','21/1/2002','43624181','25-853','','Gral. Pico');
INSERT INTO alumno (apellido,nombre,fechaNacimiento,dni,direccion,email,lugarNacimiento) VALUES ('ripamonti','tomás agustín','5/12/2001','43542781','106-425','','Gral. Pico');
INSERT INTO alumno (apellido,nombre,fechaNacimiento,dni,direccion,email,lugarNacimiento) VALUES ('san martin miszczuk','ludmila micaela','6/3/2002','43699650','9-122','','Macachin ');
INSERT INTO alumno (apellido,nombre,fechaNacimiento,dni,direccion,email,lugarNacimiento) VALUES ('soler','iara','3/8/2001','43483726','10-708 NTE','','Gral. Pico');
INSERT INTO alumno (apellido,nombre,fechaNacimiento,dni,direccion,email,lugarNacimiento) VALUES ('taverna rojo','manuel','17/11/2001','43542726','302-495','','Gral. Pico');
INSERT INTO alumno (apellido,nombre,fechaNacimiento,dni,direccion,email,lugarNacimiento) VALUES ('tobal benavidez','emilia','20/11/2001','43542752','9-270','','Gral. Pico');
INSERT INTO alumno (apellido,nombre,fechaNacimiento,dni,direccion,email,lugarNacimiento) VALUES ('torales','maría de los ángeles','22/12/2001','43624075','121-635','','Gral. Pico');
INSERT INTO alumno (apellido,nombre,fechaNacimiento,dni,direccion,email,lugarNacimiento) VALUES ('ursino','camila','30/4/2002','44007841','av. SM-2388','','Gral. Pico');

-- alumnoxcurso
INSERT INTO alumnoxcurso (alumno_dni,curso_idcurso,anio) VALUES ('43542701','3','2018');
INSERT INTO alumnoxcurso (alumno_dni,curso_idcurso,anio) VALUES ('43928183','3','2018');
INSERT INTO alumnoxcurso (alumno_dni,curso_idcurso,anio) VALUES ('43542129','3','2018');
INSERT INTO alumnoxcurso (alumno_dni,curso_idcurso,anio) VALUES ('43624066','3','2018');
INSERT INTO alumnoxcurso (alumno_dni,curso_idcurso,anio) VALUES ('43483799','3','2018');
INSERT INTO alumnoxcurso (alumno_dni,curso_idcurso,anio) VALUES ('43699975','3','2018');
INSERT INTO alumnoxcurso (alumno_dni,curso_idcurso,anio) VALUES ('43483711','3','2018');
INSERT INTO alumnoxcurso (alumno_dni,curso_idcurso,anio) VALUES ('43483488','3','2018');
INSERT INTO alumnoxcurso (alumno_dni,curso_idcurso,anio) VALUES ('43483473','3','2018');
INSERT INTO alumnoxcurso (alumno_dni,curso_idcurso,anio) VALUES ('43624137','3','2018');
INSERT INTO alumnoxcurso (alumno_dni,curso_idcurso,anio) VALUES ('43542705','3','2018');
INSERT INTO alumnoxcurso (alumno_dni,curso_idcurso,anio) VALUES ('43699942','3','2018');
INSERT INTO alumnoxcurso (alumno_dni,curso_idcurso,anio) VALUES ('44007877','3','2018');
INSERT INTO alumnoxcurso (alumno_dni,curso_idcurso,anio) VALUES ('43603423','3','2018');
INSERT INTO alumnoxcurso (alumno_dni,curso_idcurso,anio) VALUES ('43624121','3','2018');
INSERT INTO alumnoxcurso (alumno_dni,curso_idcurso,anio) VALUES ('44166058','3','2018');
INSERT INTO alumnoxcurso (alumno_dni,curso_idcurso,anio) VALUES ('43624092','3','2018');
INSERT INTO alumnoxcurso (alumno_dni,curso_idcurso,anio) VALUES ('44118670','3','2018');
INSERT INTO alumnoxcurso (alumno_dni,curso_idcurso,anio) VALUES ('43542372','3','2018');
INSERT INTO alumnoxcurso (alumno_dni,curso_idcurso,anio) VALUES ('43997209','3','2018');
INSERT INTO alumnoxcurso (alumno_dni,curso_idcurso,anio) VALUES ('44199061','3','2018');
INSERT INTO alumnoxcurso (alumno_dni,curso_idcurso,anio) VALUES ('43542777','3','2018');
INSERT INTO alumnoxcurso (alumno_dni,curso_idcurso,anio) VALUES ('43542179','3','2018');
INSERT INTO alumnoxcurso (alumno_dni,curso_idcurso,anio) VALUES ('43542748','3','2018');
INSERT INTO alumnoxcurso (alumno_dni,curso_idcurso,anio) VALUES ('43699995','3','2018');
INSERT INTO alumnoxcurso (alumno_dni,curso_idcurso,anio) VALUES ('43624181','3','2018');
INSERT INTO alumnoxcurso (alumno_dni,curso_idcurso,anio) VALUES ('43542781','3','2018');
INSERT INTO alumnoxcurso (alumno_dni,curso_idcurso,anio) VALUES ('43699650','3','2018');
INSERT INTO alumnoxcurso (alumno_dni,curso_idcurso,anio) VALUES ('43483726','3','2018');
INSERT INTO alumnoxcurso (alumno_dni,curso_idcurso,anio) VALUES ('43542726','3','2018');
INSERT INTO alumnoxcurso (alumno_dni,curso_idcurso,anio) VALUES ('43542752','3','2018');
INSERT INTO alumnoxcurso (alumno_dni,curso_idcurso,anio) VALUES ('43624075','3','2018');
INSERT INTO alumnoxcurso (alumno_dni,curso_idcurso,anio) VALUES ('44007841','3','2018');


-- Insert para 6° Economico 2018
-- alumno
INSERT INTO alumno (apellido,nombre,fechaNacimiento,dni,direccion,email,lugarNacimiento) VALUES ('allara','bautista román','7/11/2000','43069514','14 Nº 1775','','Argentina');
INSERT INTO alumno (apellido,nombre,fechaNacimiento,dni,direccion,email,lugarNacimiento) VALUES ('anconetani picca','lucio','27/3/2001','43299498','310 Nº 3390','','Argentina');
INSERT INTO alumno (apellido,nombre,fechaNacimiento,dni,direccion,email,lugarNacimiento) VALUES ('bardín','juana','5/10/2000','42952061','11 Nº 1240','','Argentina');
INSERT INTO alumno (apellido,nombre,fechaNacimiento,dni,direccion,email,lugarNacimiento) VALUES ('becher','francisco valentín ','15/3/2001','43299438','329 Nº 335','','Argentina');
INSERT INTO alumno (apellido,nombre,fechaNacimiento,dni,direccion,email,lugarNacimiento) VALUES ('brindesi','maría josefina','28/11/2000','43069571','115 Nº 1011','','Argentina');
INSERT INTO alumno (apellido,nombre,fechaNacimiento,dni,direccion,email,lugarNacimiento) VALUES ('castaño','margarita pía','9/11/2000','43069504','24 Nº 433','','Argentina');
INSERT INTO alumno (apellido,nombre,fechaNacimiento,dni,direccion,email,lugarNacimiento) VALUES ('ceccheto aguirre','ramiro','28/11/2000','43069929','14 Nº 1746','','Argentina');
INSERT INTO alumno (apellido,nombre,fechaNacimiento,dni,direccion,email,lugarNacimiento) VALUES ('diaz lacava','ignacio','6/3/2001','43271206','18 Nº 334','','Argentina');
INSERT INTO alumno (apellido,nombre,fechaNacimiento,dni,direccion,email,lugarNacimiento) VALUES ('gaiottino','valentina','8/1/2001','43116811','108 Nº 166','','Argentina');
INSERT INTO alumno (apellido,nombre,fechaNacimiento,dni,direccion,email,lugarNacimiento) VALUES ('gomez','victoria','23/3/2000','42335337','CALLE 20 Nº884 ','','Argentina');
INSERT INTO alumno (apellido,nombre,fechaNacimiento,dni,direccion,email,lugarNacimiento) VALUES ('ibañez','juan ignacio','3/3/2001','43150149','18 Nº 940','','Argentina');
INSERT INTO alumno (apellido,nombre,fechaNacimiento,dni,direccion,email,lugarNacimiento) VALUES ('isaguirre','florencia','14/7/2000','42699381','101 Nº 559','','Argentina');
INSERT INTO alumno (apellido,nombre,fechaNacimiento,dni,direccion,email,lugarNacimiento) VALUES ('itrat herrera','guillermina','7/7/2000','42699176','53 Nº 1130','','Argentina');
INSERT INTO alumno (apellido,nombre,fechaNacimiento,dni,direccion,email,lugarNacimiento) VALUES ('pacheco moreno','eliseo','8/8/2000','42798982','33 Nº 1104','','Argentina');
INSERT INTO alumno (apellido,nombre,fechaNacimiento,dni,direccion,email,lugarNacimiento) VALUES ('paire','federico','23/5/2000','42584063','106Nº 757','','Argentina');
INSERT INTO alumno (apellido,nombre,fechaNacimiento,dni,direccion,email,lugarNacimiento) VALUES ('pariani','gino andrés ','22/3/2001','43299447','302 bis Nº 694','','Argentina');
INSERT INTO alumno (apellido,nombre,fechaNacimiento,dni,direccion,email,lugarNacimiento) VALUES ('pascual','santiago','10/7/2000','42798909','Av San martín e 105 y 107 ','','Argentina');
INSERT INTO alumno (apellido,nombre,fechaNacimiento,dni,direccion,email,lugarNacimiento) VALUES ('perez cepeda','rocío berenice','22/7/2000','42798993','31 Nº 214','','Argentina');
INSERT INTO alumno (apellido,nombre,fechaNacimiento,dni,direccion,email,lugarNacimiento) VALUES ('reyes humberto','lola agostina','22/6/2001','43415869','24 e 5 y 7','','Argentina');
INSERT INTO alumno (apellido,nombre,fechaNacimiento,dni,direccion,email,lugarNacimiento) VALUES ('rodriguez','morena azul','7/7/2000','42699186','311 Nº 165','','Argentina');
INSERT INTO alumno (apellido,nombre,fechaNacimiento,dni,direccion,email,lugarNacimiento) VALUES ('rossoto','gimena','14/9/2000','42915630','35 Nº 430','','Argentina');
INSERT INTO alumno (apellido,nombre,fechaNacimiento,dni,direccion,email,lugarNacimiento) VALUES ('ruiz prado','lourdes','16/2/2001','43150148','30 Nº 676','','Argentina');
INSERT INTO alumno (apellido,nombre,fechaNacimiento,dni,direccion,email,lugarNacimiento) VALUES ('saez cavia','jerónimo','31/7/2000','42720663','19 Nº 280','','Argentina');
INSERT INTO alumno (apellido,nombre,fechaNacimiento,dni,direccion,email,lugarNacimiento) VALUES ('salvetti impaglione','stefanía','1/9/2000','42915608','8 Nº 1898','','Argentina');
INSERT INTO alumno (apellido,nombre,fechaNacimiento,dni,direccion,email,lugarNacimiento) VALUES ('valdivieso','agustina','4/11/2000','42968190','113 Nº 550','','Argentina');
INSERT INTO alumno (apellido,nombre,fechaNacimiento,dni,direccion,email,lugarNacimiento) VALUES ('vidales ollo','fermín a.','13/9/2000','42915812','22 Nº 270','','Argentina');

-- alumnoxcurso
INSERT INTO alumnoxcurso (alumno_dni,curso_idcurso,anio) VALUES ('43069514','4','2018');
INSERT INTO alumnoxcurso (alumno_dni,curso_idcurso,anio) VALUES ('43299498','4','2018');
INSERT INTO alumnoxcurso (alumno_dni,curso_idcurso,anio) VALUES ('42952061','4','2018');
INSERT INTO alumnoxcurso (alumno_dni,curso_idcurso,anio) VALUES ('43299438','4','2018');
INSERT INTO alumnoxcurso (alumno_dni,curso_idcurso,anio) VALUES ('43069571','4','2018');
INSERT INTO alumnoxcurso (alumno_dni,curso_idcurso,anio) VALUES ('43069504','4','2018');
INSERT INTO alumnoxcurso (alumno_dni,curso_idcurso,anio) VALUES ('43069929','4','2018');
INSERT INTO alumnoxcurso (alumno_dni,curso_idcurso,anio) VALUES ('43271206','4','2018');
INSERT INTO alumnoxcurso (alumno_dni,curso_idcurso,anio) VALUES ('43116811','4','2018');
INSERT INTO alumnoxcurso (alumno_dni,curso_idcurso,anio) VALUES ('42335337','4','2018');
INSERT INTO alumnoxcurso (alumno_dni,curso_idcurso,anio) VALUES ('43150149','4','2018');
INSERT INTO alumnoxcurso (alumno_dni,curso_idcurso,anio) VALUES ('42699381','4','2018');
INSERT INTO alumnoxcurso (alumno_dni,curso_idcurso,anio) VALUES ('42699176','4','2018');
INSERT INTO alumnoxcurso (alumno_dni,curso_idcurso,anio) VALUES ('42798982','4','2018');
INSERT INTO alumnoxcurso (alumno_dni,curso_idcurso,anio) VALUES ('42584063','4','2018');
INSERT INTO alumnoxcurso (alumno_dni,curso_idcurso,anio) VALUES ('43299447','4','2018');
INSERT INTO alumnoxcurso (alumno_dni,curso_idcurso,anio) VALUES ('42798909','4','2018');
INSERT INTO alumnoxcurso (alumno_dni,curso_idcurso,anio) VALUES ('42798993','4','2018');
INSERT INTO alumnoxcurso (alumno_dni,curso_idcurso,anio) VALUES ('43415869','4','2018');
INSERT INTO alumnoxcurso (alumno_dni,curso_idcurso,anio) VALUES ('42699186','4','2018');
INSERT INTO alumnoxcurso (alumno_dni,curso_idcurso,anio) VALUES ('42915630','4','2018');
INSERT INTO alumnoxcurso (alumno_dni,curso_idcurso,anio) VALUES ('43150148','4','2018');
INSERT INTO alumnoxcurso (alumno_dni,curso_idcurso,anio) VALUES ('42720663','4','2018');
INSERT INTO alumnoxcurso (alumno_dni,curso_idcurso,anio) VALUES ('42915608','4','2018');
INSERT INTO alumnoxcurso (alumno_dni,curso_idcurso,anio) VALUES ('42968190','4','2018');
INSERT INTO alumnoxcurso (alumno_dni,curso_idcurso,anio) VALUES ('42915812','4','2018');


-- Insert para 6° Biologico 2018
-- alumno
INSERT INTO alumno (apellido,nombre,fechaNacimiento,dni,direccion,email,lugarNacimiento) VALUES ('amigone','nicolás javier','31/1/2001','43116878','Av circunvalación Nº 2700','','Argentina');
INSERT INTO alumno (apellido,nombre,fechaNacimiento,dni,direccion,email,lugarNacimiento) VALUES ('arneri','francisco tomás','7/5/2001','43365180','500 bis Nº 1472','','Argentina');
INSERT INTO alumno (apellido,nombre,fechaNacimiento,dni,direccion,email,lugarNacimiento) VALUES ('assis raimondi','ignacio','12/2/2001','43150125','10 Nª 252','','Argentina');
INSERT INTO alumno (apellido,nombre,fechaNacimiento,dni,direccion,email,lugarNacimiento) VALUES ('becher','tomás ignacio','15/3/2001','43299439','329 Nº 335','','Argentina');
INSERT INTO alumno (apellido,nombre,fechaNacimiento,dni,direccion,email,lugarNacimiento) VALUES ('blanco','agustina xiomara','22/9/2000','42915693','329 bis Nº 324','','Argentina');
INSERT INTO alumno (apellido,nombre,fechaNacimiento,dni,direccion,email,lugarNacimiento) VALUES ('borselli','valentina sofía','8/6/2001','43323250','18 Nº 910','','Argentina');
INSERT INTO alumno (apellido,nombre,fechaNacimiento,dni,direccion,email,lugarNacimiento) VALUES ('cerutti','benjamín','3/6/2001','43149835','115 Nº 575','','Argentina');
INSERT INTO alumno (apellido,nombre,fechaNacimiento,dni,direccion,email,lugarNacimiento) VALUES ('cesa','fernando raúl','14/9/2000','42915639','101 bis Nº 365','','Argentina');
INSERT INTO alumno (apellido,nombre,fechaNacimiento,dni,direccion,email,lugarNacimiento) VALUES ('de ambrosio','catalina','3/8/2000','42798967','314 Nº 3592','','Argentina');
INSERT INTO alumno (apellido,nombre,fechaNacimiento,dni,direccion,email,lugarNacimiento) VALUES ('garcia barrioni','catalina','29/9/2000','42968105','17 N 2011','','Argentina');
INSERT INTO alumno (apellido,nombre,fechaNacimiento,dni,direccion,email,lugarNacimiento) VALUES ('garcia','maitena','21/3/2001','43299497','103 Nº 756','','Argentina');
INSERT INTO alumno (apellido,nombre,fechaNacimiento,dni,direccion,email,lugarNacimiento) VALUES ('garcia','sofía','19/1/2001','43116856','17 Nº 1440','','Argentina');
INSERT INTO alumno (apellido,nombre,fechaNacimiento,dni,direccion,email,lugarNacimiento) VALUES ('gentili','tomás','1/9/2000','42915601','20 Nº 617','','Argentina');
INSERT INTO alumno (apellido,nombre,fechaNacimiento,dni,direccion,email,lugarNacimiento) VALUES ('giosué','greta','16/2/2001','43150119','24 Nº 144','','Argentina');
INSERT INTO alumno (apellido,nombre,fechaNacimiento,dni,direccion,email,lugarNacimiento) VALUES ('hourcade','mercedes ','29/12/2000','43040068','18 bis Nº 416','','Argentina');
INSERT INTO alumno (apellido,nombre,fechaNacimiento,dni,direccion,email,lugarNacimiento) VALUES ('lovera','francisca','6/10/2000','42968107','108 Nº 145 N','','Argentina');
INSERT INTO alumno (apellido,nombre,fechaNacimiento,dni,direccion,email,lugarNacimiento) VALUES ('manago eugeni','giuliano','11/11/2000','43069530','111 Nº 655','','Argentina');
INSERT INTO alumno (apellido,nombre,fechaNacimiento,dni,direccion,email,lugarNacimiento) VALUES ('marconi','ana paula','7/5/2001','43365191','21 Nº 1508','','Argentina');
INSERT INTO alumno (apellido,nombre,fechaNacimiento,dni,direccion,email,lugarNacimiento) VALUES ('massara caraffini','nina','15/11/2000','43069543','Av San Martin Nº 954','','Argentina');
INSERT INTO alumno (apellido,nombre,fechaNacimiento,dni,direccion,email,lugarNacimiento) VALUES ('ricardez','danilo','15/11/2000','42968135','10 Nº 1330','','Argentina');
INSERT INTO alumno (apellido,nombre,fechaNacimiento,dni,direccion,email,lugarNacimiento) VALUES ('rodriguez le pors','espartaco','11/9/2000','42915642','26 Nº 128','','Argentina');
INSERT INTO alumno (apellido,nombre,fechaNacimiento,dni,direccion,email,lugarNacimiento) VALUES ('rodriguez','ignacio','17/7/2000','42798911','108 bis Nº 376','','Argentina');
INSERT INTO alumno (apellido,nombre,fechaNacimiento,dni,direccion,email,lugarNacimiento) VALUES ('rusconi','valentín','15/9/2000','42915644','8 Nº 515','','Argentina');
INSERT INTO alumno (apellido,nombre,fechaNacimiento,dni,direccion,email,lugarNacimiento) VALUES ('tassone','delfina maría','8/11/2000','42968198','28 Nº 274','','Argentina');
INSERT INTO alumno (apellido,nombre,fechaNacimiento,dni,direccion,email,lugarNacimiento) VALUES ('tobal','lázaro daniel','7/11/2000','43069512','Av San Martín esq 113','','Argentina');
INSERT INTO alumno (apellido,nombre,fechaNacimiento,dni,direccion,email,lugarNacimiento) VALUES ('torales','álvaro josé','19/9/2000','42915659','121 nº 365','','Argentina');
INSERT INTO alumno (apellido,nombre,fechaNacimiento,dni,direccion,email,lugarNacimiento) VALUES ('viroletti','eliana magali','30/9/2000','42915691','306 nº770','','Argentina');

-- alumnoxcurso
INSERT INTO alumnoxcurso (alumno_dni,curso_idcurso,anio) VALUES ('43116878','5','2018');
INSERT INTO alumnoxcurso (alumno_dni,curso_idcurso,anio) VALUES ('43365180','5','2018');
INSERT INTO alumnoxcurso (alumno_dni,curso_idcurso,anio) VALUES ('43150125','5','2018');
INSERT INTO alumnoxcurso (alumno_dni,curso_idcurso,anio) VALUES ('43299439','5','2018');
INSERT INTO alumnoxcurso (alumno_dni,curso_idcurso,anio) VALUES ('42915693','5','2018');
INSERT INTO alumnoxcurso (alumno_dni,curso_idcurso,anio) VALUES ('43323250','5','2018');
INSERT INTO alumnoxcurso (alumno_dni,curso_idcurso,anio) VALUES ('43149835','5','2018');
INSERT INTO alumnoxcurso (alumno_dni,curso_idcurso,anio) VALUES ('42915639','5','2018');
INSERT INTO alumnoxcurso (alumno_dni,curso_idcurso,anio) VALUES ('42798967','5','2018');
INSERT INTO alumnoxcurso (alumno_dni,curso_idcurso,anio) VALUES ('42968105','5','2018');
INSERT INTO alumnoxcurso (alumno_dni,curso_idcurso,anio) VALUES ('43299497','5','2018');
INSERT INTO alumnoxcurso (alumno_dni,curso_idcurso,anio) VALUES ('43116856','5','2018');
INSERT INTO alumnoxcurso (alumno_dni,curso_idcurso,anio) VALUES ('42915601','5','2018');
INSERT INTO alumnoxcurso (alumno_dni,curso_idcurso,anio) VALUES ('43150119','5','2018');
INSERT INTO alumnoxcurso (alumno_dni,curso_idcurso,anio) VALUES ('43040068','5','2018');
INSERT INTO alumnoxcurso (alumno_dni,curso_idcurso,anio) VALUES ('42968107','5','2018');
INSERT INTO alumnoxcurso (alumno_dni,curso_idcurso,anio) VALUES ('43069530','5','2018');
INSERT INTO alumnoxcurso (alumno_dni,curso_idcurso,anio) VALUES ('43365191','5','2018');
INSERT INTO alumnoxcurso (alumno_dni,curso_idcurso,anio) VALUES ('43069543','5','2018');
INSERT INTO alumnoxcurso (alumno_dni,curso_idcurso,anio) VALUES ('42968135','5','2018');
INSERT INTO alumnoxcurso (alumno_dni,curso_idcurso,anio) VALUES ('42915642','5','2018');
INSERT INTO alumnoxcurso (alumno_dni,curso_idcurso,anio) VALUES ('42798911','5','2018');
INSERT INTO alumnoxcurso (alumno_dni,curso_idcurso,anio) VALUES ('42915644','5','2018');
INSERT INTO alumnoxcurso (alumno_dni,curso_idcurso,anio) VALUES ('42968198','5','2018');
INSERT INTO alumnoxcurso (alumno_dni,curso_idcurso,anio) VALUES ('43069512','5','2018');
INSERT INTO alumnoxcurso (alumno_dni,curso_idcurso,anio) VALUES ('42915659','5','2018');
INSERT INTO alumnoxcurso (alumno_dni,curso_idcurso,anio) VALUES ('42915691','5','2018');
