
-- curso

INSERT INTO `curso`(`idcurso`, `nombre`, `anio`) VALUES (1, 'I', '1');
INSERT INTO `curso`(`idcurso`, `nombre`, `anio`) VALUES (2, 'II', '1');
INSERT INTO `curso`(`idcurso`, `nombre`, `anio`) VALUES (3, 'I', '2');
INSERT INTO `curso`(`idcurso`, `nombre`, `anio`) VALUES (4, 'II', '2');
INSERT INTO `curso`(`idcurso`, `nombre`, `anio`) VALUES (5, 'I', '3');
INSERT INTO `curso`(`idcurso`, `nombre`, `anio`) VALUES (6, 'II', '3');


-- Insert para 1° I 2018
-- alumno
INSERT INTO alumno (apellido,nombre,fechaNacimiento,dni,direccion,email,lugarNacimiento) VALUES ('Achaval Collazos','Guadalupe','2006-03-03','46052921','26 bis nº 524 (N)','','S. M. de Tucumán');
INSERT INTO alumno (apellido,nombre,fechaNacimiento,dni,direccion,email,lugarNacimiento) VALUES ('Anconetani','Vito','2006-03-13','47201555','Av. S. Martín nº 306 (N)','','Caba-Bs. As.');
INSERT INTO alumno (apellido,nombre,fechaNacimiento,dni,direccion,email,lugarNacimiento) VALUES ('Arguello','Benjamín','2006-02-03','47150976','47 nº 855','','Gral. Pico');
INSERT INTO alumno (apellido,nombre,fechaNacimiento,dni,direccion,email,lugarNacimiento) VALUES ('Bargel','Lourdes  ','2005-07-02','46722944','25 nº 1855','','Gral. Pico');
INSERT INTO alumno (apellido,nombre,fechaNacimiento,dni,direccion,email,lugarNacimiento) VALUES ('Calvo','Facundo','2005-12-11','46929475','20 nº 910 (N)','','Gral. Pico');
INSERT INTO alumno (apellido,nombre,fechaNacimiento,dni,direccion,email,lugarNacimiento) VALUES ('Cavagna','Santino','2006-04-08','47198721','16 nº 581 (N)','','Gral. Pico');
INSERT INTO alumno (apellido,nombre,fechaNacimiento,dni,direccion,email,lugarNacimiento) VALUES ('Cornú Weiman','Valentina','2005-09-07','46794210','201 nº 3327','','Gral. Pico');
INSERT INTO alumno (apellido,nombre,fechaNacimiento,dni,direccion,email,lugarNacimiento) VALUES ('Ferreyra Llorens','Irina Alexia','2005-08-19','46508251','103 Nº 235 (O)','','Córdoba-Capital');
INSERT INTO alumno (apellido,nombre,fechaNacimiento,dni,direccion,email,lugarNacimiento) VALUES ('Ferreyra Llorens','Kiara Agostina','2005-08-19','46508250','103 nº235 (O)','','Córdoba-Capital');
INSERT INTO alumno (apellido,nombre,fechaNacimiento,dni,direccion,email,lugarNacimiento) VALUES ('Flores','Felipe','2005-08-02','46722956','43 nº 1092','','Gral. Pico');
INSERT INTO alumno (apellido,nombre,fechaNacimiento,dni,direccion,email,lugarNacimiento) VALUES ('Fons','Simón','2006-03-10','47179869','22 nº 745 (N)','','Gral. Pico');
INSERT INTO alumno (apellido,nombre,fechaNacimiento,dni,direccion,email,lugarNacimiento) VALUES ('García','Gonzalo','2006-06-12','47302098','18 nº 375','','Gral. Pico');
INSERT INTO alumno (apellido,nombre,fechaNacimiento,dni,direccion,email,lugarNacimiento) VALUES ('Gomez','Joaquín','2005-02-17','46406249','Peat. 2 de abril T4 D1','','Gral. Pico');
INSERT INTO alumno (apellido,nombre,fechaNacimiento,dni,direccion,email,lugarNacimiento) VALUES ('Guman Baigorria','Priscila Abril','2005-12-13','46929460','438 nº 245','','Gral. Pico');
INSERT INTO alumno (apellido,nombre,fechaNacimiento,dni,direccion,email,lugarNacimiento) VALUES ('Haip','Francisco','2006-05-20','47302027','45 nº 927','','Gral. Pico');
INSERT INTO alumno (apellido,nombre,fechaNacimiento,dni,direccion,email,lugarNacimiento) VALUES ('La Porta','Gastón  Iván','2005-12-19','47150559','29 nº 2225','','Gral. Pico');
INSERT INTO alumno (apellido,nombre,fechaNacimiento,dni,direccion,email,lugarNacimiento) VALUES ('Llodra','Victoria','2006-05-04','47198978','22 nº 755 (N)','','Gral. Pico');
INSERT INTO alumno (apellido,nombre,fechaNacimiento,dni,direccion,email,lugarNacimiento) VALUES ('Marconetto','María Rosario','2005-10-17','46928948','Av. S. Martín nº 2112','','Gral. Pico');
INSERT INTO alumno (apellido,nombre,fechaNacimiento,dni,direccion,email,lugarNacimiento) VALUES ('Miege','Ignacio','2005-08-23','46793691','16 nº 526 (N)','','Gral. Pico');
INSERT INTO alumno (apellido,nombre,fechaNacimiento,dni,direccion,email,lugarNacimiento) VALUES ('Minetti Garcia','Nicolás','2005-07-05','46722595','12 nº 567 (N)','','Gral. Pico');
INSERT INTO alumno (apellido,nombre,fechaNacimiento,dni,direccion,email,lugarNacimiento) VALUES ('Montero','Camila  Andrea','2005-09-24','46794267','106 nº 398','','Gral. Pico');
INSERT INTO alumno (apellido,nombre,fechaNacimiento,dni,direccion,email,lugarNacimiento) VALUES ('Morales','Lara','2005-12-13','47047765','8 nº 1018 (N)','','Gral. Roca (R. N.)');
INSERT INTO alumno (apellido,nombre,fechaNacimiento,dni,direccion,email,lugarNacimiento) VALUES ('Nievas','Cesia Danna','2005-07-18','46722934','304 nº 651 e/ 305 y 307','','Gral. Pico');
INSERT INTO alumno (apellido,nombre,fechaNacimiento,dni,direccion,email,lugarNacimiento) VALUES ('Petrelli','Amanda','2005-08-04','46793644','53 nº 868','','Gral. Pico');
INSERT INTO alumno (apellido,nombre,fechaNacimiento,dni,direccion,email,lugarNacimiento) VALUES ('Rozas','Noelia','2005-12-15','47044665','26 nº 1249','','Gral. pico');
INSERT INTO alumno (apellido,nombre,fechaNacimiento,dni,direccion,email,lugarNacimiento) VALUES ('Vazquez Martinez','Mateo','2005-09-29','46794262','14 nº 495 (N)','','Gral. Pico');
INSERT INTO alumno (apellido,nombre,fechaNacimiento,dni,direccion,email,lugarNacimiento) VALUES ('Vico','Danna Valentina','2005-12-06','46929433','Fraternidad nº 356 (O)','','Gral. Pico');
INSERT INTO alumno (apellido,nombre,fechaNacimiento,dni,direccion,email,lugarNacimiento) VALUES ('Zitelli','Anna Victoria','2006-05-30','47302058','22 nº 731 (N)','','Gral. pico');

-- alumnoxcurso
INSERT INTO alumnoxcurso (alumno_dni,curso_idcurso,anio) VALUES ('46052921','1','2018');
INSERT INTO alumnoxcurso (alumno_dni,curso_idcurso,anio) VALUES ('47201555','1','2018');
INSERT INTO alumnoxcurso (alumno_dni,curso_idcurso,anio) VALUES ('47150976','1','2018');
INSERT INTO alumnoxcurso (alumno_dni,curso_idcurso,anio) VALUES ('46722944','1','2018');
INSERT INTO alumnoxcurso (alumno_dni,curso_idcurso,anio) VALUES ('46929475','1','2018');
INSERT INTO alumnoxcurso (alumno_dni,curso_idcurso,anio) VALUES ('47198721','1','2018');
INSERT INTO alumnoxcurso (alumno_dni,curso_idcurso,anio) VALUES ('46794210','1','2018');
INSERT INTO alumnoxcurso (alumno_dni,curso_idcurso,anio) VALUES ('46508251','1','2018');
INSERT INTO alumnoxcurso (alumno_dni,curso_idcurso,anio) VALUES ('46508250','1','2018');
INSERT INTO alumnoxcurso (alumno_dni,curso_idcurso,anio) VALUES ('46722956','1','2018');
INSERT INTO alumnoxcurso (alumno_dni,curso_idcurso,anio) VALUES ('47179869','1','2018');
INSERT INTO alumnoxcurso (alumno_dni,curso_idcurso,anio) VALUES ('47302098','1','2018');
INSERT INTO alumnoxcurso (alumno_dni,curso_idcurso,anio) VALUES ('46406249','1','2018');
INSERT INTO alumnoxcurso (alumno_dni,curso_idcurso,anio) VALUES ('46929460','1','2018');
INSERT INTO alumnoxcurso (alumno_dni,curso_idcurso,anio) VALUES ('47302027','1','2018');
INSERT INTO alumnoxcurso (alumno_dni,curso_idcurso,anio) VALUES ('47150559','1','2018');
INSERT INTO alumnoxcurso (alumno_dni,curso_idcurso,anio) VALUES ('47198978','1','2018');
INSERT INTO alumnoxcurso (alumno_dni,curso_idcurso,anio) VALUES ('46928948','1','2018');
INSERT INTO alumnoxcurso (alumno_dni,curso_idcurso,anio) VALUES ('46793691','1','2018');
INSERT INTO alumnoxcurso (alumno_dni,curso_idcurso,anio) VALUES ('46722595','1','2018');
INSERT INTO alumnoxcurso (alumno_dni,curso_idcurso,anio) VALUES ('46794267','1','2018');
INSERT INTO alumnoxcurso (alumno_dni,curso_idcurso,anio) VALUES ('47047765','1','2018');
INSERT INTO alumnoxcurso (alumno_dni,curso_idcurso,anio) VALUES ('46722934','1','2018');
INSERT INTO alumnoxcurso (alumno_dni,curso_idcurso,anio) VALUES ('46793644','1','2018');
INSERT INTO alumnoxcurso (alumno_dni,curso_idcurso,anio) VALUES ('47044665','1','2018');
INSERT INTO alumnoxcurso (alumno_dni,curso_idcurso,anio) VALUES ('46794262','1','2018');
INSERT INTO alumnoxcurso (alumno_dni,curso_idcurso,anio) VALUES ('46929433','1','2018');
INSERT INTO alumnoxcurso (alumno_dni,curso_idcurso,anio) VALUES ('47302058','1','2018');

-- Insert para 1° II 2018
-- alumno
INSERT INTO alumno (apellido,nombre,fechaNacimiento,dni,direccion,email,lugarNacimiento) VALUES ('Aguirre','Matías','2006-06-16','47376690','18 bis nº 358 (N)','','Sta. Rosa');
INSERT INTO alumno (apellido,nombre,fechaNacimiento,dni,direccion,email,lugarNacimiento) VALUES ('Alison','Valentín Germán','2005-09-23','46794244','6 bis nº 975 (N)','','Gral. Pico');
INSERT INTO alumno (apellido,nombre,fechaNacimiento,dni,direccion,email,lugarNacimiento) VALUES ('Ascar Bruera','María Delfina','2005-08-19','46793639','121 nº 238','','Gral. Pico');
INSERT INTO alumno (apellido,nombre,fechaNacimiento,dni,direccion,email,lugarNacimiento) VALUES ('Barbera','María','2005-11-23','46929457','Av. S. Martín nº 683','','Gral. Pico');
INSERT INTO alumno (apellido,nombre,fechaNacimiento,dni,direccion,email,lugarNacimiento) VALUES ('Cannone','Augusto','2005-10-07','46794299','24 nº 15','','Gral. Pico');
INSERT INTO alumno (apellido,nombre,fechaNacimiento,dni,direccion,email,lugarNacimiento) VALUES ('Ceratto Bambini','Catalina','2006-05-07','47302009','39 nº 353','','Gral. Pico');
INSERT INTO alumno (apellido,nombre,fechaNacimiento,dni,direccion,email,lugarNacimiento) VALUES ('Chiosso','Sofía','2005-07-12','46722931','12 nº 531 (N)','','Gral. Pico');
INSERT INTO alumno (apellido,nombre,fechaNacimiento,dni,direccion,email,lugarNacimiento) VALUES ('De Laturi','Adalis Ahiara','2006-03-11','47198697','29 bis nº 2046','','Gral. pico');
INSERT INTO alumno (apellido,nombre,fechaNacimiento,dni,direccion,email,lugarNacimiento) VALUES ('Ercoli','Juan Gastón','2005-11-22','46929145','103 nº 855','','Gral. Pico');
INSERT INTO alumno (apellido,nombre,fechaNacimiento,dni,direccion,email,lugarNacimiento) VALUES ('Ferreyra Ortiz De Urbina','Catalina','2005-12-05','47150510','14 nº 970 (N)','','Gral. Pico');
INSERT INTO alumno (apellido,nombre,fechaNacimiento,dni,direccion,email,lugarNacimiento) VALUES ('Garcia Nilles','Mateo','2005-07-18','46793674','Ruta prov. 1 nº 1844','','Gral. Pico');
INSERT INTO alumno (apellido,nombre,fechaNacimiento,dni,direccion,email,lugarNacimiento) VALUES ('Gonzales','Sasha Aylén','2005-08-19','46743996','30 nº 54','','Merlo Bs. As.');
INSERT INTO alumno (apellido,nombre,fechaNacimiento,dni,direccion,email,lugarNacimiento) VALUES ('Herlein','Francisco','2005-07-19','46692666','302 nº 1221','','Trenque Lauquen');
INSERT INTO alumno (apellido,nombre,fechaNacimiento,dni,direccion,email,lugarNacimiento) VALUES ('Hernandez- Etcheverry','Julieta','2005-11-03','46928997','Av. S. Martín nº 651 (N)','','Gral. Pico');
INSERT INTO alumno (apellido,nombre,fechaNacimiento,dni,direccion,email,lugarNacimiento) VALUES ('Hourcade','Máximo','2005-10-24','46929111','51 nº 895','','Gral. Pico');
INSERT INTO alumno (apellido,nombre,fechaNacimiento,dni,direccion,email,lugarNacimiento) VALUES ('Lovera','Santiago','2006-04-25','47198988','7 nº 443','','Gral. Pico');
INSERT INTO alumno (apellido,nombre,fechaNacimiento,dni,direccion,email,lugarNacimiento) VALUES ('Medina','Sabrina Maillén','2005-09-16','46722926','21 nº 1655','','Gral. Pico');
INSERT INTO alumno (apellido,nombre,fechaNacimiento,dni,direccion,email,lugarNacimiento) VALUES ('Moncalvillo','Pedro','2005-11-22','46929150','105 nº 146 (O)','','Gral. Pico');
INSERT INTO alumno (apellido,nombre,fechaNacimiento,dni,direccion,email,lugarNacimiento) VALUES ('Morello','Francisca','2006-03-14','47179875','109 nº 672','','Gral. Pico');
INSERT INTO alumno (apellido,nombre,fechaNacimiento,dni,direccion,email,lugarNacimiento) VALUES ('Nicolas Mayor','Muriel','2005-12-03','46929428','35 nº 450','','Gral. Pico');
INSERT INTO alumno (apellido,nombre,fechaNacimiento,dni,direccion,email,lugarNacimiento) VALUES ('Oderiz Gallinger','Filomena','2006-02-16','47179828','318 nº 3285','','Gral. Pico');
INSERT INTO alumno (apellido,nombre,fechaNacimiento,dni,direccion,email,lugarNacimiento) VALUES ('Ordoñez Sanchez','Tobias','2006-06-06','47374131','13 nº 30 (O)','','Gral. Pico');
INSERT INTO alumno (apellido,nombre,fechaNacimiento,dni,direccion,email,lugarNacimiento) VALUES ('Ortiz','Facundo Ezequiel','2006-03-07','46999644','27 bis nº 1916','','Córdoba-Capital');
INSERT INTO alumno (apellido,nombre,fechaNacimiento,dni,direccion,email,lugarNacimiento) VALUES ('Re','Priscila','2006-03-19','47198682','11 nº 1640','','Gral. Pico');
INSERT INTO alumno (apellido,nombre,fechaNacimiento,dni,direccion,email,lugarNacimiento) VALUES ('Robledo','Delfina','2006-03-29','47198688','101 nº 346 (O)','','Gral. pico');
INSERT INTO alumno (apellido,nombre,fechaNacimiento,dni,direccion,email,lugarNacimiento) VALUES ('Szylak','Juan Martín','2005-08-07','46713259','15 nº 1070','','Puerto Rico-Misiones');
INSERT INTO alumno (apellido,nombre,fechaNacimiento,dni,direccion,email,lugarNacimiento) VALUES ('Urruspuru','Dolores','2006-01-12','47150552','Av. S. Martín nº 412 (N)','','Gral. Pico');
INSERT INTO alumno (apellido,nombre,fechaNacimiento,dni,direccion,email,lugarNacimiento) VALUES ('Vicente','Juana','2005-09-09','46794236','119 nº 652','','Gral. pico');
INSERT INTO alumno (apellido,nombre,fechaNacimiento,dni,direccion,email,lugarNacimiento) VALUES ('Villa','Rocío Belén','2005-07-12','46722945','302 bis nº 545','','Gral. pico');

-- alumnoxcurso
INSERT INTO alumnoxcurso (alumno_dni,curso_idcurso,anio) VALUES ('47376690','2','2018');
INSERT INTO alumnoxcurso (alumno_dni,curso_idcurso,anio) VALUES ('46794244','2','2018');
INSERT INTO alumnoxcurso (alumno_dni,curso_idcurso,anio) VALUES ('46793639','2','2018');
INSERT INTO alumnoxcurso (alumno_dni,curso_idcurso,anio) VALUES ('46929457','2','2018');
INSERT INTO alumnoxcurso (alumno_dni,curso_idcurso,anio) VALUES ('46794299','2','2018');
INSERT INTO alumnoxcurso (alumno_dni,curso_idcurso,anio) VALUES ('47302009','2','2018');
INSERT INTO alumnoxcurso (alumno_dni,curso_idcurso,anio) VALUES ('46722931','2','2018');
INSERT INTO alumnoxcurso (alumno_dni,curso_idcurso,anio) VALUES ('47198697','2','2018');
INSERT INTO alumnoxcurso (alumno_dni,curso_idcurso,anio) VALUES ('46929145','2','2018');
INSERT INTO alumnoxcurso (alumno_dni,curso_idcurso,anio) VALUES ('47150510','2','2018');
INSERT INTO alumnoxcurso (alumno_dni,curso_idcurso,anio) VALUES ('46793674','2','2018');
INSERT INTO alumnoxcurso (alumno_dni,curso_idcurso,anio) VALUES ('46743996','2','2018');
INSERT INTO alumnoxcurso (alumno_dni,curso_idcurso,anio) VALUES ('46692666','2','2018');
INSERT INTO alumnoxcurso (alumno_dni,curso_idcurso,anio) VALUES ('46928997','2','2018');
INSERT INTO alumnoxcurso (alumno_dni,curso_idcurso,anio) VALUES ('46929111','2','2018');
INSERT INTO alumnoxcurso (alumno_dni,curso_idcurso,anio) VALUES ('47198988','2','2018');
INSERT INTO alumnoxcurso (alumno_dni,curso_idcurso,anio) VALUES ('46722926','2','2018');
INSERT INTO alumnoxcurso (alumno_dni,curso_idcurso,anio) VALUES ('46929150','2','2018');
INSERT INTO alumnoxcurso (alumno_dni,curso_idcurso,anio) VALUES ('47179875','2','2018');
INSERT INTO alumnoxcurso (alumno_dni,curso_idcurso,anio) VALUES ('46929428','2','2018');
INSERT INTO alumnoxcurso (alumno_dni,curso_idcurso,anio) VALUES ('47179828','2','2018');
INSERT INTO alumnoxcurso (alumno_dni,curso_idcurso,anio) VALUES ('47374131','2','2018');
INSERT INTO alumnoxcurso (alumno_dni,curso_idcurso,anio) VALUES ('46999644','2','2018');
INSERT INTO alumnoxcurso (alumno_dni,curso_idcurso,anio) VALUES ('47198682','2','2018');
INSERT INTO alumnoxcurso (alumno_dni,curso_idcurso,anio) VALUES ('47198688','2','2018');
INSERT INTO alumnoxcurso (alumno_dni,curso_idcurso,anio) VALUES ('46713259','2','2018');
INSERT INTO alumnoxcurso (alumno_dni,curso_idcurso,anio) VALUES ('47150552','2','2018');
INSERT INTO alumnoxcurso (alumno_dni,curso_idcurso,anio) VALUES ('46794236','2','2018');
INSERT INTO alumnoxcurso (alumno_dni,curso_idcurso,anio) VALUES ('46722945','2','2018');


-- Insert para 2° I 2018

-- alumno
INSERT INTO alumno (apellido,nombre,fechaNacimiento,dni,direccion,email,lugarNacimiento) VALUES ('Arriaga','Pilar','2005-04-28','46535176','355 n. 72','','Gral. Pico');
INSERT INTO alumno (apellido,nombre,fechaNacimiento,dni,direccion,email,lugarNacimiento) VALUES ('Baiardini','Mariana','2004-10-10','46176052','9 n. 388','','Gral. Pico');
INSERT INTO alumno (apellido,nombre,fechaNacimiento,dni,direccion,email,lugarNacimiento) VALUES ('Bal','Felipe','2004-08-10','45882584','13 n. 2610','','Gral. Pico');
INSERT INTO alumno (apellido,nombre,fechaNacimiento,dni,direccion,email,lugarNacimiento) VALUES ('Barbeito','Uan Segundo Sssfsskfjdjdfsegundo','2005-04-26','46535189','32 N. 116','','Gral. Pico');
INSERT INTO alumno (apellido,nombre,fechaNacimiento,dni,direccion,email,lugarNacimiento) VALUES ('Benito','Agostina ','2004-12-08','46176396','29 n. 539','','Gral. Pico');
INSERT INTO alumno (apellido,nombre,fechaNacimiento,dni,direccion,email,lugarNacimiento) VALUES ('Bessone Ruiz','Lorenzo','2004-11-24','46176371','302 bis 579','','Gral. Pico');
INSERT INTO alumno (apellido,nombre,fechaNacimiento,dni,direccion,email,lugarNacimiento) VALUES ('Boga Doyhenard','Francesco','2004-08-01','45882556','117 n. 570','','Gral. Pico');
INSERT INTO alumno (apellido,nombre,fechaNacimiento,dni,direccion,email,lugarNacimiento) VALUES ('Castaño','Briana Abril','2005-01-28','46406201','303 n. 260','','Gral. pico');
INSERT INTO alumno (apellido,nombre,fechaNacimiento,dni,direccion,email,lugarNacimiento) VALUES ('Catini','Santino Valentín','2004-10-04','46269150','34 n. 1224','','La Plata');
INSERT INTO alumno (apellido,nombre,fechaNacimiento,dni,direccion,email,lugarNacimiento) VALUES ('Chamorro','Agostina','2004-10-27','46176099','8 bis 776 N.','','Gral. Pico');
INSERT INTO alumno (apellido,nombre,fechaNacimiento,dni,direccion,email,lugarNacimiento) VALUES ('Cisterna','Yazmín Celina','2004-10-27','46176259','106 N. 1456','','Gral. Pico');
INSERT INTO alumno (apellido,nombre,fechaNacimiento,dni,direccion,email,lugarNacimiento) VALUES ('Fanelli','Francisco','2005-02-17','46068037','426.N 235','','GRAL.  PICO');
INSERT INTO alumno (apellido,nombre,fechaNacimiento,dni,direccion,email,lugarNacimiento) VALUES ('Frencia Witt','Francisca','2005-05-24','46722524','22 n. 769 n.','','Gral. Pico');
INSERT INTO alumno (apellido,nombre,fechaNacimiento,dni,direccion,email,lugarNacimiento) VALUES ('Garcia Pastorino','Alma Luisina','2004-08-27','45882950','103 n. 566 O','','Gral. Pico');
INSERT INTO alumno (apellido,nombre,fechaNacimiento,dni,direccion,email,lugarNacimiento) VALUES ('Gomez Sandoval','Erin Ainhoa','2004-07-22','48006140','52 n. 470','','Madrid-España');
INSERT INTO alumno (apellido,nombre,fechaNacimiento,dni,direccion,email,lugarNacimiento) VALUES ('Guastella','Francisco ','2004-07-05','45797078','Av San Martín 1062','','Sta. Rosa');
INSERT INTO alumno (apellido,nombre,fechaNacimiento,dni,direccion,email,lugarNacimiento) VALUES ('Hidalgo','Alejo Tomás','2004-08-14','45882599','108 bis 335 N','','Gral. Pico');
INSERT INTO alumno (apellido,nombre,fechaNacimiento,dni,direccion,email,lugarNacimiento) VALUES ('Isaguirre','Juan Manuel','2004-07-07','45796432','101 n 559','','Gral. Pico');
INSERT INTO alumno (apellido,nombre,fechaNacimiento,dni,direccion,email,lugarNacimiento) VALUES ('Leiva','Juan Pablo','2005-05-11','46612224','327 bis 274','','Gral. Pico');
INSERT INTO alumno (apellido,nombre,fechaNacimiento,dni,direccion,email,lugarNacimiento) VALUES ('Martinez Iglesias','Ángel Santino','2004-09-05','45886852','23 bis 2906','','SAN LUIS');
INSERT INTO alumno (apellido,nombre,fechaNacimiento,dni,direccion,email,lugarNacimiento) VALUES ('Mendez Campanari','Delfina','2005-05-28','46643128','18 n. 25','','Capital Federal');
INSERT INTO alumno (apellido,nombre,fechaNacimiento,dni,direccion,email,lugarNacimiento) VALUES ('Pia Impaglione','Felicitas Eugenia','2004-08-02','45882569','10 n 1945','','Gral. Pico');
INSERT INTO alumno (apellido,nombre,fechaNacimiento,dni,direccion,email,lugarNacimiento) VALUES ('Rio','Candelaria','2005-01-06','46320082','25 n. 853','','Gral. Pico');
INSERT INTO alumno (apellido,nombre,fechaNacimiento,dni,direccion,email,lugarNacimiento) VALUES ('Rodriguez Mini','Caetano','2005-01-01','46406211','Avenida 2160','','Gral. pico');
INSERT INTO alumno (apellido,nombre,fechaNacimiento,dni,direccion,email,lugarNacimiento) VALUES ('Tassone','Alfonsina Elena','2005-04-18','46535160','28 n. 274','','Gral. Pico');
INSERT INTO alumno (apellido,nombre,fechaNacimiento,dni,direccion,email,lugarNacimiento) VALUES ('Tobal','Joaquina','2004-12-07','46176397','125 n. 918','','Gral. Pico');
INSERT INTO alumno (apellido,nombre,fechaNacimiento,dni,direccion,email,lugarNacimiento) VALUES ('Torales Witt','Salvador Mariano','2004-12-15','46320036','18 n. 1065 N.','','Gral. pico');

-- alumnoxcurso

INSERT INTO alumnoxcurso (alumno_dni,curso_idcurso,anio) VALUES ('46535176','3','2018');
INSERT INTO alumnoxcurso (alumno_dni,curso_idcurso,anio) VALUES ('46176052','3','2018');
INSERT INTO alumnoxcurso (alumno_dni,curso_idcurso,anio) VALUES ('45882584','3','2018');
INSERT INTO alumnoxcurso (alumno_dni,curso_idcurso,anio) VALUES ('46535189','3','2018');
INSERT INTO alumnoxcurso (alumno_dni,curso_idcurso,anio) VALUES ('46176396','3','2018');
INSERT INTO alumnoxcurso (alumno_dni,curso_idcurso,anio) VALUES ('46176371','3','2018');
INSERT INTO alumnoxcurso (alumno_dni,curso_idcurso,anio) VALUES ('45882556','3','2018');
INSERT INTO alumnoxcurso (alumno_dni,curso_idcurso,anio) VALUES ('46406201','3','2018');
INSERT INTO alumnoxcurso (alumno_dni,curso_idcurso,anio) VALUES ('46269150','3','2018');
INSERT INTO alumnoxcurso (alumno_dni,curso_idcurso,anio) VALUES ('46176099','3','2018');
INSERT INTO alumnoxcurso (alumno_dni,curso_idcurso,anio) VALUES ('46176259','3','2018');
INSERT INTO alumnoxcurso (alumno_dni,curso_idcurso,anio) VALUES ('46068037','3','2018');
INSERT INTO alumnoxcurso (alumno_dni,curso_idcurso,anio) VALUES ('46722524','3','2018');
INSERT INTO alumnoxcurso (alumno_dni,curso_idcurso,anio) VALUES ('45882950','3','2018');
INSERT INTO alumnoxcurso (alumno_dni,curso_idcurso,anio) VALUES ('48006140','3','2018');
INSERT INTO alumnoxcurso (alumno_dni,curso_idcurso,anio) VALUES ('45797078','3','2018');
INSERT INTO alumnoxcurso (alumno_dni,curso_idcurso,anio) VALUES ('45882599','3','2018');
INSERT INTO alumnoxcurso (alumno_dni,curso_idcurso,anio) VALUES ('45796432','3','2018');
INSERT INTO alumnoxcurso (alumno_dni,curso_idcurso,anio) VALUES ('46612224','3','2018');
INSERT INTO alumnoxcurso (alumno_dni,curso_idcurso,anio) VALUES ('45886852','3','2018');
INSERT INTO alumnoxcurso (alumno_dni,curso_idcurso,anio) VALUES ('46643128','3','2018');
INSERT INTO alumnoxcurso (alumno_dni,curso_idcurso,anio) VALUES ('45882569','3','2018');
INSERT INTO alumnoxcurso (alumno_dni,curso_idcurso,anio) VALUES ('46320082','3','2018');
INSERT INTO alumnoxcurso (alumno_dni,curso_idcurso,anio) VALUES ('46406211','3','2018');
INSERT INTO alumnoxcurso (alumno_dni,curso_idcurso,anio) VALUES ('46535160','3','2018');
INSERT INTO alumnoxcurso (alumno_dni,curso_idcurso,anio) VALUES ('46176397','3','2018');
INSERT INTO alumnoxcurso (alumno_dni,curso_idcurso,anio) VALUES ('46320036','3','2018');

-- Insert para 2° II 2018
-- alumno
INSERT INTO alumno (apellido,nombre,fechaNacimiento,dni,direccion,email,lugarNacimiento) VALUES ('Alvarez Castaño','Manuel','2004-10-08','45695920','322 N. 3055','','Cba. Capital');
INSERT INTO alumno (apellido,nombre,fechaNacimiento,dni,direccion,email,lugarNacimiento) VALUES ('Arevalo','Milagros','2004-08-05','45882590','AVDA. 2151','','Gral. Pico');
INSERT INTO alumno (apellido,nombre,fechaNacimiento,dni,direccion,email,lugarNacimiento) VALUES ('Badue','Martín José','2005-04-19','46535147','49 n. 1008','','Gral. Pico');
INSERT INTO alumno (apellido,nombre,fechaNacimiento,dni,direccion,email,lugarNacimiento) VALUES ('Bajo','Lucas Martín','2004-07-13','45882513','103 bis 655 O','','Gral. Pico');
INSERT INTO alumno (apellido,nombre,fechaNacimiento,dni,direccion,email,lugarNacimiento) VALUES ('Bardin','Malena','2005-06-13','46871517','11 N. 1240','','Capital Federal');
INSERT INTO alumno (apellido,nombre,fechaNacimiento,dni,direccion,email,lugarNacimiento) VALUES ('Bernal','Ramiro','2005-05-03','46612216','14 Nº 1045 N','','Gral. Pico');
INSERT INTO alumno (apellido,nombre,fechaNacimiento,dni,direccion,email,lugarNacimiento) VALUES ('Bianchetta Murua','Tomás','2004-11-22','46176328','41 Nº 138','','Gral. pico');
INSERT INTO alumno (apellido,nombre,fechaNacimiento,dni,direccion,email,lugarNacimiento) VALUES ('Brignoli','Martín','2005-01-14','46320270','38 n. 475','','Gral. Pico');
INSERT INTO alumno (apellido,nombre,fechaNacimiento,dni,direccion,email,lugarNacimiento) VALUES ('Diaz Lacava','Guillermina','2005-02-28','46406268','18 N. 334 n.','','Gral. Pico');
INSERT INTO alumno (apellido,nombre,fechaNacimiento,dni,direccion,email,lugarNacimiento) VALUES ('Esteban','Ignacio','2005-01-20','44680401','39 N. 282','','Gral. Pico');
INSERT INTO alumno (apellido,nombre,fechaNacimiento,dni,direccion,email,lugarNacimiento) VALUES ('Flores','Delfina','2005-02-13','45501426','35 n. 1625','','Gral. Pico');
INSERT INTO alumno (apellido,nombre,fechaNacimiento,dni,direccion,email,lugarNacimiento) VALUES ('Garcia Ferrero','Lurdes','2005-04-15','46535149','9 (O) Nº1005','','Gral. Pico');
INSERT INTO alumno (apellido,nombre,fechaNacimiento,dni,direccion,email,lugarNacimiento) VALUES ('Gastaldo Sere','Candela Abril','2005-04-19','46535161','442 BIS. 468','','Gral. Pico');
INSERT INTO alumno (apellido,nombre,fechaNacimiento,dni,direccion,email,lugarNacimiento) VALUES ('Gongora Rognoni','Edro Julián','2005-01-04','46320273','Av. Circunv. Nº 1324','','Gral. Pico');
INSERT INTO alumno (apellido,nombre,fechaNacimiento,dni,direccion,email,lugarNacimiento) VALUES ('Guazzaroni','Malena','2005-05-01','46535196','El cardinal 405','','Gral. Pico');
INSERT INTO alumno (apellido,nombre,fechaNacimiento,dni,direccion,email,lugarNacimiento) VALUES ('Haip','Irina','2004-11-12','46176308','34 n. 1825','','Gral. Pico');
INSERT INTO alumno (apellido,nombre,fechaNacimiento,dni,direccion,email,lugarNacimiento) VALUES ('Handorf','Ana Paula','2002-06-03','44718660','500 bis Nº1768','','Gral. Pico');
INSERT INTO alumno (apellido,nombre,fechaNacimiento,dni,direccion,email,lugarNacimiento) VALUES ('L’Estrange Wallace','Lucila','2005-03-08','46472706','105 n. 1356','','Gral. Pico');
INSERT INTO alumno (apellido,nombre,fechaNacimiento,dni,direccion,email,lugarNacimiento) VALUES ('La Porta','Luciana Abigail','2004-07-09','45882532','29 n. 2225','','Gral. Pico');
INSERT INTO alumno (apellido,nombre,fechaNacimiento,dni,direccion,email,lugarNacimiento) VALUES ('Milano','Martina','2005-04-14','46535137','15 n. 365 O','','Gral. Pico');
INSERT INTO alumno (apellido,nombre,fechaNacimiento,dni,direccion,email,lugarNacimiento) VALUES ('Muñoz','Alvaro Matías','2004-08-19','45882908','113nº 985','','Gral. Pico');
INSERT INTO alumno (apellido,nombre,fechaNacimiento,dni,direccion,email,lugarNacimiento) VALUES ('Muñoz Satti','Morena','2004-07-26','45882553','Avda. 1074','','Gral. Pico');
INSERT INTO alumno (apellido,nombre,fechaNacimiento,dni,direccion,email,lugarNacimiento) VALUES ('Olguin','Martina','2005-05-14','46612237','405 n. 1962','','Gral. Pico');
INSERT INTO alumno (apellido,nombre,fechaNacimiento,dni,direccion,email,lugarNacimiento) VALUES ('Pino','Ailín','2005-03-09','46406288','7 n. 2336','','Gral. Pico');
INSERT INTO alumno (apellido,nombre,fechaNacimiento,dni,direccion,email,lugarNacimiento) VALUES ('Rosiere','Bautista','2004-07-21','45882535','119 n. 638','','Gral. Pico');
INSERT INTO alumno (apellido,nombre,fechaNacimiento,dni,direccion,email,lugarNacimiento) VALUES ('Taverna Rojo','Victoria','2004-09-02','45882972','302 N. 495','','Gral. Pico');
INSERT INTO alumno (apellido,nombre,fechaNacimiento,dni,direccion,email,lugarNacimiento) VALUES ('Trueba','Mateo Agustín','2004-10-12','46176070','440 n. 463','','Gral. Pico');

-- alumnoxcurso
INSERT INTO alumnoxcurso (alumno_dni,curso_idcurso,anio) VALUES ('45695920','4','2018');
INSERT INTO alumnoxcurso (alumno_dni,curso_idcurso,anio) VALUES ('45882590','4','2018');
INSERT INTO alumnoxcurso (alumno_dni,curso_idcurso,anio) VALUES ('46535147','4','2018');
INSERT INTO alumnoxcurso (alumno_dni,curso_idcurso,anio) VALUES ('45882513','4','2018');
INSERT INTO alumnoxcurso (alumno_dni,curso_idcurso,anio) VALUES ('46871517','4','2018');
INSERT INTO alumnoxcurso (alumno_dni,curso_idcurso,anio) VALUES ('46612216','4','2018');
INSERT INTO alumnoxcurso (alumno_dni,curso_idcurso,anio) VALUES ('46176328','4','2018');
INSERT INTO alumnoxcurso (alumno_dni,curso_idcurso,anio) VALUES ('46320270','4','2018');
INSERT INTO alumnoxcurso (alumno_dni,curso_idcurso,anio) VALUES ('46406268','4','2018');
INSERT INTO alumnoxcurso (alumno_dni,curso_idcurso,anio) VALUES ('44680401','4','2018');
INSERT INTO alumnoxcurso (alumno_dni,curso_idcurso,anio) VALUES ('45501426','4','2018');
INSERT INTO alumnoxcurso (alumno_dni,curso_idcurso,anio) VALUES ('46535149','4','2018');
INSERT INTO alumnoxcurso (alumno_dni,curso_idcurso,anio) VALUES ('46535161','4','2018');
INSERT INTO alumnoxcurso (alumno_dni,curso_idcurso,anio) VALUES ('46320273','4','2018');
INSERT INTO alumnoxcurso (alumno_dni,curso_idcurso,anio) VALUES ('46535196','4','2018');
INSERT INTO alumnoxcurso (alumno_dni,curso_idcurso,anio) VALUES ('46176308','4','2018');
INSERT INTO alumnoxcurso (alumno_dni,curso_idcurso,anio) VALUES ('44718660','4','2018');
INSERT INTO alumnoxcurso (alumno_dni,curso_idcurso,anio) VALUES ('46472706','4','2018');
INSERT INTO alumnoxcurso (alumno_dni,curso_idcurso,anio) VALUES ('45882532','4','2018');
INSERT INTO alumnoxcurso (alumno_dni,curso_idcurso,anio) VALUES ('46535137','4','2018');
INSERT INTO alumnoxcurso (alumno_dni,curso_idcurso,anio) VALUES ('45882908','4','2018');
INSERT INTO alumnoxcurso (alumno_dni,curso_idcurso,anio) VALUES ('45882553','4','2018');
INSERT INTO alumnoxcurso (alumno_dni,curso_idcurso,anio) VALUES ('46612237','4','2018');
INSERT INTO alumnoxcurso (alumno_dni,curso_idcurso,anio) VALUES ('46406288','4','2018');
INSERT INTO alumnoxcurso (alumno_dni,curso_idcurso,anio) VALUES ('45882535','4','2018');
INSERT INTO alumnoxcurso (alumno_dni,curso_idcurso,anio) VALUES ('45882972','4','2018');
INSERT INTO alumnoxcurso (alumno_dni,curso_idcurso,anio) VALUES ('46176070','4','2018');


-- Insert para 3° I 2018
-- alumno
INSERT INTO alumno (apellido,nombre,fechaNacimiento,dni,direccion,email,lugarNacimiento) VALUES ('Actis Giorgetto','Aylén Giovana','2004-06-07','45796618','311 N 368','','Gral. Pico');
INSERT INTO alumno (apellido,nombre,fechaNacimiento,dni,direccion,email,lugarNacimiento) VALUES ('Arnais Gallia','Joaquín','2003-12-10','45254465','Cardenal 273','','Gral. pico');
INSERT INTO alumno (apellido,nombre,fechaNacimiento,dni,direccion,email,lugarNacimiento) VALUES ('Barontini Krivzov','Evangelina María','2004-01-24','45379671','19 N 1782','','Gral. Pico');
INSERT INTO alumno (apellido,nombre,fechaNacimiento,dni,direccion,email,lugarNacimiento) VALUES ('Blanco Pordomingo','Malena','2003-11-01','45109830','107 n 465 O','','Gral. Pico');
INSERT INTO alumno (apellido,nombre,fechaNacimiento,dni,direccion,email,lugarNacimiento) VALUES ('Carrasco','Agostina','2004-04-06','45566061','107 n 685 Dpt Nº 8','','Gral. Pico');
INSERT INTO alumno (apellido,nombre,fechaNacimiento,dni,direccion,email,lugarNacimiento) VALUES ('Ceratto Bambini','Bautista','2004-06-22','45882542','39 n 353','','Gral. Pico');
INSERT INTO alumno (apellido,nombre,fechaNacimiento,dni,direccion,email,lugarNacimiento) VALUES ('Coronel','Julieta Abril','2004-01-01','45379607','115 n 326','','Gral. Pico');
INSERT INTO alumno (apellido,nombre,fechaNacimiento,dni,direccion,email,lugarNacimiento) VALUES ('Dallorso','Juan Bautista','2004-05-21','45796152','Avda. 450 N','','Gral. Pico');
INSERT INTO alumno (apellido,nombre,fechaNacimiento,dni,direccion,email,lugarNacimiento) VALUES ('De Las Heras','Tomás','2003-08-24','44842992','26 n 837','','Gral. Pico');
INSERT INTO alumno (apellido,nombre,fechaNacimiento,dni,direccion,email,lugarNacimiento) VALUES ('Estigarría Campos','Lourdes','2004-01-20','45379661','2 n 1656','','Gral. Pico');
INSERT INTO alumno (apellido,nombre,fechaNacimiento,dni,direccion,email,lugarNacimiento) VALUES ('Fiquepron Fortuna','Martina','2004-03-16','45459295','111 N 631','','Gral. Pico');
INSERT INTO alumno (apellido,nombre,fechaNacimiento,dni,direccion,email,lugarNacimiento) VALUES ('Gerena Frontini','Juan Bautista','2004-02-18','45459003','103 bis 665 O','','Gral. Pico');
INSERT INTO alumno (apellido,nombre,fechaNacimiento,dni,direccion,email,lugarNacimiento) VALUES ('Giganti','Mariano Fabián','2004-01-02','45379611','40 n 640','','Gral. Pico');
INSERT INTO alumno (apellido,nombre,fechaNacimiento,dni,direccion,email,lugarNacimiento) VALUES ('Leiva','Maximiliano Daniel','2003-07-28','44809311','327 bis 274','','Gral. Pico');
INSERT INTO alumno (apellido,nombre,fechaNacimiento,dni,direccion,email,lugarNacimiento) VALUES ('Liboa','Gaspar','2003-10-11','44984443','112 n 516','','Gral. Pico');
INSERT INTO alumno (apellido,nombre,fechaNacimiento,dni,direccion,email,lugarNacimiento) VALUES ('Lovera','Diego','2004-04-14','45566091','108 n 145 N','','Gral. Pico');
INSERT INTO alumno (apellido,nombre,fechaNacimiento,dni,direccion,email,lugarNacimiento) VALUES ('Luengo Muller','Agustina','2004-01-11','45379634','105 n 586 O','','Gral. Pico');
INSERT INTO alumno (apellido,nombre,fechaNacimiento,dni,direccion,email,lugarNacimiento) VALUES ('Maldonado','Joaquín','2004-03-31','45566080','Rio Negro Nº 1365','','Gral. Pico');
INSERT INTO alumno (apellido,nombre,fechaNacimiento,dni,direccion,email,lugarNacimiento) VALUES ('Mensi','Nerina','2004-03-10','45459278','104 n 105 N','','Gral. Pico');
INSERT INTO alumno (apellido,nombre,fechaNacimiento,dni,direccion,email,lugarNacimiento) VALUES ('Nervi Canillas','Juan Cruz','2004-01-28','45379972','109 n 753','','Gral. Pico');
INSERT INTO alumno (apellido,nombre,fechaNacimiento,dni,direccion,email,lugarNacimiento) VALUES ('O’Brien','Sofía Elena','2004-05-06','45796124','300 n 1373','','Gral. Pico');
INSERT INTO alumno (apellido,nombre,fechaNacimiento,dni,direccion,email,lugarNacimiento) VALUES ('Oberst','Ailén Victoria','2004-05-31','45796605','4 Bis Nº 466 (N)','','Gral. Pico');
INSERT INTO alumno (apellido,nombre,fechaNacimiento,dni,direccion,email,lugarNacimiento) VALUES ('Pascual','Martina','2003-08-07','44842579','20 n 421','','Gral. Pico');
INSERT INTO alumno (apellido,nombre,fechaNacimiento,dni,direccion,email,lugarNacimiento) VALUES ('Pascual','Sofía','2004-06-05','45766647','Avda. 345 N','','Gral. Pico');
INSERT INTO alumno (apellido,nombre,fechaNacimiento,dni,direccion,email,lugarNacimiento) VALUES ('Pavoni','Franco','2003-10-04','44984462','18 n 962 N','','Gral. Pico');
INSERT INTO alumno (apellido,nombre,fechaNacimiento,dni,direccion,email,lugarNacimiento) VALUES ('Rodriguez Rivas','Iris','2003-08-01','44842640','23 n 566','','Santa Rosa');
INSERT INTO alumno (apellido,nombre,fechaNacimiento,dni,direccion,email,lugarNacimiento) VALUES ('Sueldo Heritier','Francisco','2003-09-29','44984196','25 n 767','','Gral. Pico');
INSERT INTO alumno (apellido,nombre,fechaNacimiento,dni,direccion,email,lugarNacimiento) VALUES ('Torales','Serafín Mariano','2003-12-19','45254472','121 n 635','','Gral. Pico');
INSERT INTO alumno (apellido,nombre,fechaNacimiento,dni,direccion,email,lugarNacimiento) VALUES ('Villanueva','Diego','2004-03-05','45783543','105 Nº615','','Merlo-Bs As');

-- alumnoxcurso
INSERT INTO alumnoxcurso (alumno_dni,curso_idcurso,anio) VALUES ('45796618','5','2018');
INSERT INTO alumnoxcurso (alumno_dni,curso_idcurso,anio) VALUES ('45254465','5','2018');
INSERT INTO alumnoxcurso (alumno_dni,curso_idcurso,anio) VALUES ('45379671','5','2018');
INSERT INTO alumnoxcurso (alumno_dni,curso_idcurso,anio) VALUES ('45109830','5','2018');
INSERT INTO alumnoxcurso (alumno_dni,curso_idcurso,anio) VALUES ('45566061','5','2018');
INSERT INTO alumnoxcurso (alumno_dni,curso_idcurso,anio) VALUES ('45882542','5','2018');
INSERT INTO alumnoxcurso (alumno_dni,curso_idcurso,anio) VALUES ('45379607','5','2018');
INSERT INTO alumnoxcurso (alumno_dni,curso_idcurso,anio) VALUES ('45796152','5','2018');
INSERT INTO alumnoxcurso (alumno_dni,curso_idcurso,anio) VALUES ('44842992','5','2018');
INSERT INTO alumnoxcurso (alumno_dni,curso_idcurso,anio) VALUES ('45379661','5','2018');
INSERT INTO alumnoxcurso (alumno_dni,curso_idcurso,anio) VALUES ('45459295','5','2018');
INSERT INTO alumnoxcurso (alumno_dni,curso_idcurso,anio) VALUES ('45459003','5','2018');
INSERT INTO alumnoxcurso (alumno_dni,curso_idcurso,anio) VALUES ('45379611','5','2018');
INSERT INTO alumnoxcurso (alumno_dni,curso_idcurso,anio) VALUES ('44809311','5','2018');
INSERT INTO alumnoxcurso (alumno_dni,curso_idcurso,anio) VALUES ('44984443','5','2018');
INSERT INTO alumnoxcurso (alumno_dni,curso_idcurso,anio) VALUES ('45566091','5','2018');
INSERT INTO alumnoxcurso (alumno_dni,curso_idcurso,anio) VALUES ('45379634','5','2018');
INSERT INTO alumnoxcurso (alumno_dni,curso_idcurso,anio) VALUES ('45566080','5','2018');
INSERT INTO alumnoxcurso (alumno_dni,curso_idcurso,anio) VALUES ('45459278','5','2018');
INSERT INTO alumnoxcurso (alumno_dni,curso_idcurso,anio) VALUES ('45379972','5','2018');
INSERT INTO alumnoxcurso (alumno_dni,curso_idcurso,anio) VALUES ('45796124','5','2018');
INSERT INTO alumnoxcurso (alumno_dni,curso_idcurso,anio) VALUES ('45796605','5','2018');
INSERT INTO alumnoxcurso (alumno_dni,curso_idcurso,anio) VALUES ('44842579','5','2018');
INSERT INTO alumnoxcurso (alumno_dni,curso_idcurso,anio) VALUES ('45766647','5','2018');
INSERT INTO alumnoxcurso (alumno_dni,curso_idcurso,anio) VALUES ('44984462','5','2018');
INSERT INTO alumnoxcurso (alumno_dni,curso_idcurso,anio) VALUES ('44842640','5','2018');
INSERT INTO alumnoxcurso (alumno_dni,curso_idcurso,anio) VALUES ('44984196','5','2018');
INSERT INTO alumnoxcurso (alumno_dni,curso_idcurso,anio) VALUES ('45254472','5','2018');
INSERT INTO alumnoxcurso (alumno_dni,curso_idcurso,anio) VALUES ('45783543','5','2018');


-- Insert para 3° II 2018
-- alumno
INSERT INTO alumno (apellido,nombre,fechaNacimiento,dni,direccion,email,lugarNacimiento) VALUES ('Aguilar  Siage','Ian Bruno','2003-07-11','44806329','500 n 1821','','Gral. Pico');
INSERT INTO alumno (apellido,nombre,fechaNacimiento,dni,direccion,email,lugarNacimiento) VALUES ('Armada  Guevara','Ana','2004-03-30','45566087','46 n 1189','','Gral. Pico');
INSERT INTO alumno (apellido,nombre,fechaNacimiento,dni,direccion,email,lugarNacimiento) VALUES ('Baiardini','Magdalena','2003-08-12','44842572','9 n 388','','Gral. Pico');
INSERT INTO alumno (apellido,nombre,fechaNacimiento,dni,direccion,email,lugarNacimiento) VALUES ('Barrios  Afonso','Guadalupe','2003-07-10','44809305','15 n 1371','','Gral. Pico');
INSERT INTO alumno (apellido,nombre,fechaNacimiento,dni,direccion,email,lugarNacimiento) VALUES ('Cabral Ginistet','Valentin','2003-06-30','44806323','15 Nº 237 (O)','','Gral. Pico');
INSERT INTO alumno (apellido,nombre,fechaNacimiento,dni,direccion,email,lugarNacimiento) VALUES ('Camejo  Contreras','Carmela','2004-06-07','45796616','264 n 490','','Gral. Pico');
INSERT INTO alumno (apellido,nombre,fechaNacimiento,dni,direccion,email,lugarNacimiento) VALUES ('Colly  Lera','Delfina','2003-10-08','44984439','102 n 334 N','','Gral. Pico');
INSERT INTO alumno (apellido,nombre,fechaNacimiento,dni,direccion,email,lugarNacimiento) VALUES ('Cuello','Francisco','2004-03-14','45459300','14  n 1385 (N)','','Gral. Pico');
INSERT INTO alumno (apellido,nombre,fechaNacimiento,dni,direccion,email,lugarNacimiento) VALUES ('Dominguez','Nicolás','2003-11-18','45109868','20 n 80','','Gral. Pico');
INSERT INTO alumno (apellido,nombre,fechaNacimiento,dni,direccion,email,lugarNacimiento) VALUES ('Echeverria','Delfina','2003-06-06','44806305','102 n 5 N','','Gral. Pico');
INSERT INTO alumno (apellido,nombre,fechaNacimiento,dni,direccion,email,lugarNacimiento) VALUES ('Ferrero  Cortesini','Francisco','2004-01-07','45478441','4 n 226','','Cap. Federal');
INSERT INTO alumno (apellido,nombre,fechaNacimiento,dni,direccion,email,lugarNacimiento) VALUES ('Frontini','Morena','2004-06-11','45796630','101 bis 345 O','','Gral. Pico');
INSERT INTO alumno (apellido,nombre,fechaNacimiento,dni,direccion,email,lugarNacimiento) VALUES ('Garcia','Dolores','2004-02-03','45379694','18 n 375','','Gral. Pico');
INSERT INTO alumno (apellido,nombre,fechaNacimiento,dni,direccion,email,lugarNacimiento) VALUES ('Garcia','Flor Agostina','2003-07-15','44806331','30 n 155','','Gral. Pico');
INSERT INTO alumno (apellido,nombre,fechaNacimiento,dni,direccion,email,lugarNacimiento) VALUES ('Garro Caputo','Gerónimo Baltazar','2003-03-21','44633272','15 Nº 2445','','Gral. Pico');
INSERT INTO alumno (apellido,nombre,fechaNacimiento,dni,direccion,email,lugarNacimiento) VALUES ('Gauna  Rubio','Theo','2004-05-21','45737751','32 n 635','','La Plata');
INSERT INTO alumno (apellido,nombre,fechaNacimiento,dni,direccion,email,lugarNacimiento) VALUES ('Gilardenghi','Guillermina','2003-08-07','44842588','49 n 911','','Gral. Pico');
INSERT INTO alumno (apellido,nombre,fechaNacimiento,dni,direccion,email,lugarNacimiento) VALUES ('Hernandez   Etcheverry','Santiago','2004-03-05','45459277','Avda. Nº651 (N)','','Gral. Pico');
INSERT INTO alumno (apellido,nombre,fechaNacimiento,dni,direccion,email,lugarNacimiento) VALUES ('Huala','Esteban','2003-09-05','44984153','18 n 381 (N)','','Gral. Pico');
INSERT INTO alumno (apellido,nombre,fechaNacimiento,dni,direccion,email,lugarNacimiento) VALUES ('Juan Palmieri','Lautaro','2004-05-20','45950544','22 n 9 (N)','','Venado Tuerto');
INSERT INTO alumno (apellido,nombre,fechaNacimiento,dni,direccion,email,lugarNacimiento) VALUES ('Lovera','Malena','2004-03-11','45566014','7 N 443','','Gral. Pico');
INSERT INTO alumno (apellido,nombre,fechaNacimiento,dni,direccion,email,lugarNacimiento) VALUES ('Marconi','Juliana Agostina','2003-11-28','45254410','21 n 1508','','Gral. Pico');
INSERT INTO alumno (apellido,nombre,fechaNacimiento,dni,direccion,email,lugarNacimiento) VALUES ('Mendez  Olivetti','Juan Sebastián','2003-10-10','44984481','114 BIS n 155 (n)','','Gral. Pico');
INSERT INTO alumno (apellido,nombre,fechaNacimiento,dni,direccion,email,lugarNacimiento) VALUES ('Narcisi','Federico','2003-09-17','44984161','22 n 643 N','','Gral. Pico');
INSERT INTO alumno (apellido,nombre,fechaNacimiento,dni,direccion,email,lugarNacimiento) VALUES ('Nicolás','Candela','2004-06-27','45796674','302 n 1084','','Gral. Pico');
INSERT INTO alumno (apellido,nombre,fechaNacimiento,dni,direccion,email,lugarNacimiento) VALUES ('Roldan','María Celeste','2003-07-22','44809307','302 nº439','','Gral. Pico');
INSERT INTO alumno (apellido,nombre,fechaNacimiento,dni,direccion,email,lugarNacimiento) VALUES ('Rossi  Pagliasso','Bruno','2003-10-13','44984448','110 n 265 N','','Gral. Pico');
INSERT INTO alumno (apellido,nombre,fechaNacimiento,dni,direccion,email,lugarNacimiento) VALUES ('Rossotto','Ana Lucía','2003-07-03','44806226','110 n 255 N','','Gral. Pico');
INSERT INTO alumno (apellido,nombre,fechaNacimiento,dni,direccion,email,lugarNacimiento) VALUES ('Tosso','Nerina','2003-10-16','44984490','20 n 706 N','','Gral. Pico');
INSERT INTO alumno (apellido,nombre,fechaNacimiento,dni,direccion,email,lugarNacimiento) VALUES ('Vanderhoeven','Tomas','2003-11-22','44806184','16 Nº215 (n)','','Gral. Pico');

-- alumnoxcurso
INSERT INTO alumnoxcurso (alumno_dni,curso_idcurso,anio) VALUES ('44806329','6','2018');
INSERT INTO alumnoxcurso (alumno_dni,curso_idcurso,anio) VALUES ('45566087','6','2018');
INSERT INTO alumnoxcurso (alumno_dni,curso_idcurso,anio) VALUES ('44842572','6','2018');
INSERT INTO alumnoxcurso (alumno_dni,curso_idcurso,anio) VALUES ('44809305','6','2018');
INSERT INTO alumnoxcurso (alumno_dni,curso_idcurso,anio) VALUES ('44806323','6','2018');
INSERT INTO alumnoxcurso (alumno_dni,curso_idcurso,anio) VALUES ('45796616','6','2018');
INSERT INTO alumnoxcurso (alumno_dni,curso_idcurso,anio) VALUES ('44984439','6','2018');
INSERT INTO alumnoxcurso (alumno_dni,curso_idcurso,anio) VALUES ('45459300','6','2018');
INSERT INTO alumnoxcurso (alumno_dni,curso_idcurso,anio) VALUES ('45109868','6','2018');
INSERT INTO alumnoxcurso (alumno_dni,curso_idcurso,anio) VALUES ('44806305','6','2018');
INSERT INTO alumnoxcurso (alumno_dni,curso_idcurso,anio) VALUES ('45478441','6','2018');
INSERT INTO alumnoxcurso (alumno_dni,curso_idcurso,anio) VALUES ('45796630','6','2018');
INSERT INTO alumnoxcurso (alumno_dni,curso_idcurso,anio) VALUES ('45379694','6','2018');
INSERT INTO alumnoxcurso (alumno_dni,curso_idcurso,anio) VALUES ('44806331','6','2018');
INSERT INTO alumnoxcurso (alumno_dni,curso_idcurso,anio) VALUES ('44633272','6','2018');
INSERT INTO alumnoxcurso (alumno_dni,curso_idcurso,anio) VALUES ('45737751','6','2018');
INSERT INTO alumnoxcurso (alumno_dni,curso_idcurso,anio) VALUES ('44842588','6','2018');
INSERT INTO alumnoxcurso (alumno_dni,curso_idcurso,anio) VALUES ('45459277','6','2018');
INSERT INTO alumnoxcurso (alumno_dni,curso_idcurso,anio) VALUES ('44984153','6','2018');
INSERT INTO alumnoxcurso (alumno_dni,curso_idcurso,anio) VALUES ('45950544','6','2018');
INSERT INTO alumnoxcurso (alumno_dni,curso_idcurso,anio) VALUES ('45566014','6','2018');
INSERT INTO alumnoxcurso (alumno_dni,curso_idcurso,anio) VALUES ('45254410','6','2018');
INSERT INTO alumnoxcurso (alumno_dni,curso_idcurso,anio) VALUES ('44984481','6','2018');
INSERT INTO alumnoxcurso (alumno_dni,curso_idcurso,anio) VALUES ('44984161','6','2018');
INSERT INTO alumnoxcurso (alumno_dni,curso_idcurso,anio) VALUES ('45796674','6','2018');
INSERT INTO alumnoxcurso (alumno_dni,curso_idcurso,anio) VALUES ('44809307','6','2018');
INSERT INTO alumnoxcurso (alumno_dni,curso_idcurso,anio) VALUES ('44984448','6','2018');
INSERT INTO alumnoxcurso (alumno_dni,curso_idcurso,anio) VALUES ('44806226','6','2018');
INSERT INTO alumnoxcurso (alumno_dni,curso_idcurso,anio) VALUES ('44984490','6','2018');
INSERT INTO alumnoxcurso (alumno_dni,curso_idcurso,anio) VALUES ('44806184','6','2018');
